RID,Easy_Reservation,Preferred_Seats,Flight_Options,Ticket_Prices,Seat_Comfort,Seat_Roominess,Overhead_Storage,Clean_Aircraft,Courtesy,Friendliness,Helpfulness,Service,Satisfaction,Recommend,Language.n,Smoker.n,Employment.n,Education.n,Marital.n,Sex.n,Age.n,Income.n,FlyAgain
1,1,1,1,NA,NA,4,4,3,1,1,1,1,2,NA,1,2,2,6,1,2,1,4,0
2,1,1,1,1,5,4,3,3,5,3,6,4,2,1,1,2,NA,5,3,2,1,4,0
3,1,1,NA,1,2,1,1,1,4,5,NA,1,1,1,NA,2,3,6,2,2,6,12,0
4,1,1,1,1,1,3,4,2,1,1,1,1,1,2,2,2,2,6,3,1,6,3,0
5,1,1,NA,1,1,1,1,1,7,3,4,5,1,1,1,2,3,2,3,1,5,3,0
6,1,1,1,1,4,6,1,2,2,2,2,5,3,1,4,2,2,2,3,2,6,12,0
7,3,1,2,2,1,1,3,4,4,4,4,4,4,1,1,2,3,1,2,1,6,1,0
8,3,1,3,1,4,4,3,4,5,4,7,9,3,NA,2,2,3,4,1,1,2,13,0
9,1,1,1,2,2,1,1,4,4,1,7,5,5,1,1,1,1,1,3,2,7,4,0
10,NA,2,3,2,4,2,1,3,2,2,NA,3,3,2,1,2,NA,NA,NA,2,1,3,0
11,3,1,1,NA,1,1,1,1,3,2,4,4,3,1,1,1,1,2,6,2,1,3,0
12,4,3,1,1,3,NA,1,2,4,1,4,3,2,1,1,2,2,2,NA,1,1,10,0
13,2,NA,1,1,1,1,1,1,3,NA,3,3,1,3,1,2,1,2,2,1,3,4,0
14,5,1,1,3,1,NA,1,2,3,6,3,1,4,2,NA,1,1,3,1,NA,1,5,0
15,4,1,2,1,5,4,1,1,3,6,4,4,3,NA,4,2,2,2,1,2,2,8,0
16,5,2,NA,1,NA,1,1,4,NA,4,NA,5,4,3,1,2,2,2,3,NA,6,11,0
17,3,1,1,1,1,1,1,1,5,1,2,1,NA,1,4,2,3,4,3,1,4,3,0
18,5,2,1,1,5,3,1,3,1,2,4,6,1,NA,3,1,2,9,1,NA,2,3,0
19,3,2,1,1,1,1,1,1,1,1,1,1,2,1,1,2,3,4,1,1,3,9,0
20,4,NA,1,4,1,1,1,1,2,1,1,1,2,1,1,2,1,1,3,2,2,6,0
21,4,2,1,1,6,2,3,5,3,1,1,3,1,2,1,2,2,5,1,2,5,3,0
22,1,1,1,1,2,1,1,3,1,1,1,NA,1,1,2,1,2,6,3,2,1,6,0
23,2,4,1,1,3,2,5,4,2,3,2,2,1,4,2,2,3,NA,2,2,3,1,0
24,4,1,2,2,4,1,2,3,1,2,6,1,3,1,1,2,3,6,3,1,1,3,0
25,3,3,NA,1,NA,1,1,1,3,NA,3,1,1,1,1,2,3,2,1,1,1,7,0
26,1,1,1,1,NA,NA,1,1,1,NA,1,2,1,1,1,2,1,6,3,2,3,2,0
27,1,1,2,1,1,1,1,1,3,3,1,1,2,1,4,2,1,3,3,2,1,6,0
28,4,1,NA,1,1,1,1,1,2,3,1,1,1,1,1,2,NA,3,NA,NA,7,2,0
29,4,1,1,1,1,1,1,1,3,1,2,1,1,2,1,2,2,2,1,1,5,2,0
30,1,1,1,1,1,2,1,1,1,2,1,NA,1,1,1,2,1,2,3,2,NA,7,0
31,4,2,2,2,1,1,1,2,8,4,4,6,3,3,1,2,3,1,3,2,3,2,0
32,5,2,2,1,1,2,5,1,2,6,5,4,1,1,1,2,2,2,1,2,4,3,0
33,4,1,1,1,3,3,1,2,3,3,1,3,2,NA,4,2,3,6,1,1,1,8,0
34,1,1,1,1,4,2,1,1,1,NA,2,1,5,1,1,2,1,6,1,1,3,4,0
35,NA,1,1,1,4,4,2,3,3,3,4,4,1,1,NA,1,2,7,3,2,4,13,0
36,5,4,3,4,5,NA,4,4,1,NA,2,3,2,5,1,1,2,7,NA,1,4,4,0
37,1,1,2,1,3,1,1,1,1,1,NA,2,1,1,4,2,1,7,1,1,6,5,0
38,4,1,2,2,1,3,3,2,2,4,3,NA,NA,1,2,2,3,4,1,2,4,7,0
39,4,1,NA,2,1,1,1,1,3,3,4,2,1,1,2,2,1,3,3,2,6,11,0
40,1,1,1,1,2,2,1,2,2,2,4,2,2,1,1,NA,2,1,5,2,5,3,0
41,1,2,1,1,3,3,1,1,1,2,2,4,3,1,4,NA,1,1,1,2,4,6,0
42,1,1,3,1,1,1,1,NA,1,2,1,1,1,1,1,2,3,7,2,1,1,4,0
43,1,2,1,1,1,1,1,1,2,1,NA,2,2,NA,1,2,1,NA,1,2,6,6,0
44,NA,1,2,NA,3,2,2,4,2,1,3,2,1,2,2,2,2,NA,1,2,5,3,0
45,NA,1,1,1,1,1,3,1,1,2,5,NA,1,2,2,2,3,4,3,1,7,8,0
46,1,1,1,1,1,1,1,1,4,2,NA,1,NA,2,1,2,2,NA,1,2,4,2,0
47,1,1,1,1,1,1,1,NA,1,3,1,2,1,1,1,2,3,1,1,NA,1,NA,0
48,5,1,3,1,3,3,2,5,4,4,3,3,NA,3,1,2,1,NA,1,2,4,2,0
49,1,1,1,1,4,1,1,2,1,4,1,1,1,1,4,NA,1,8,1,1,6,NA,0
50,6,3,1,1,5,2,5,4,2,5,2,5,4,1,1,1,2,4,1,2,7,2,0
51,9,9,9,9,9,8,9,9,9,9,9,9,9,9,4,2,2,6,3,2,2,3,1
52,8,7,5,NA,7,6,4,9,8,9,9,9,7,5,NA,1,3,6,1,2,5,9,1
53,7,6,7,6,5,5,6,7,5,7,4,NA,4,5,1,1,2,4,1,1,6,3,0
54,7,7,6,6,7,7,7,9,9,NA,9,9,9,6,2,1,NA,4,4,2,2,11,1
55,8,8,8,6,4,6,4,9,NA,8,NA,8,9,6,1,2,1,1,2,2,1,3,0
56,8,8,6,5,8,5,NA,8,8,6,8,6,5,5,1,2,2,6,3,1,7,7,1
57,NA,8,9,9,9,9,8,8,NA,9,9,9,9,9,1,NA,3,NA,3,2,6,4,1
58,6,7,9,NA,9,9,7,8,9,6,6,9,8,6,4,2,3,4,1,1,3,NA,0
59,7,8,7,6,6,5,NA,8,7,8,6,4,5,6,4,1,2,4,1,1,7,3,0
60,8,7,6,5,9,8,8,9,9,9,9,9,7,NA,2,2,3,10,4,NA,1,7,0
61,9,9,9,7,9,9,8,NA,9,9,9,9,NA,5,5,2,1,1,6,2,5,3,1
62,NA,6,7,5,7,7,6,7,9,NA,9,9,8,6,NA,2,3,7,1,2,6,6,0
63,8,7,7,8,9,9,8,9,9,8,8,9,9,9,1,2,1,1,1,2,6,2,1
64,8,4,9,6,8,7,7,7,8,8,7,9,7,NA,2,2,1,6,1,1,4,12,0
65,9,8,9,8,9,NA,9,7,3,9,9,9,9,8,1,2,2,9,NA,1,6,5,1
66,6,7,4,7,8,7,9,NA,9,9,9,9,9,7,1,2,3,6,4,1,4,3,1
67,8,7,5,4,9,9,9,8,NA,8,NA,9,9,NA,2,2,1,2,1,2,6,12,1
68,7,6,8,7,7,6,7,9,6,6,8,7,4,6,2,2,1,3,1,2,4,4,1
69,9,9,7,8,8,9,8,9,8,9,9,NA,9,9,4,1,2,4,5,NA,2,5,1
70,9,5,7,NA,NA,8,6,6,NA,9,9,NA,9,NA,5,2,3,2,NA,2,5,NA,1
71,9,5,6,8,9,9,9,9,9,7,9,6,9,9,2,1,1,2,1,2,3,3,1
72,8,9,9,5,9,7,9,8,7,9,7,9,8,9,2,2,NA,4,4,2,6,6,1
73,9,9,9,9,NA,9,9,9,9,NA,NA,9,9,9,1,2,1,6,NA,2,2,11,1
74,6,5,6,6,4,5,NA,6,5,6,6,5,5,7,4,2,1,5,1,2,6,12,0
75,9,9,8,9,9,9,9,9,9,9,NA,8,9,NA,5,2,2,3,1,1,NA,12,1
76,7,5,4,5,4,6,4,7,NA,8,8,9,8,5,NA,2,1,9,3,1,3,6,0
77,9,NA,9,8,7,9,7,7,NA,9,NA,9,8,NA,1,2,1,NA,1,2,7,11,1
78,7,4,5,5,9,9,7,6,9,NA,9,8,6,5,2,1,2,7,1,1,5,10,0
79,9,7,6,6,9,9,8,9,9,9,7,9,8,8,1,2,3,2,1,2,3,4,0
80,7,6,6,8,9,8,9,7,9,9,9,9,9,4,4,2,3,2,6,2,7,11,0
81,8,5,5,6,6,6,8,7,6,7,7,7,NA,9,2,2,1,NA,1,2,7,7,0
82,NA,5,2,7,8,9,5,7,8,7,6,7,7,7,1,1,NA,2,3,2,4,11,0
83,9,9,7,8,9,9,9,9,8,9,9,9,8,9,2,2,1,1,6,1,4,3,1
84,7,5,6,4,8,9,NA,8,9,7,9,9,4,3,2,2,2,2,1,2,2,12,1
85,8,9,8,7,9,7,8,8,9,9,9,9,9,7,2,2,1,3,6,1,4,4,1
86,9,9,7,8,9,8,9,9,9,9,9,9,9,NA,5,NA,3,2,2,2,NA,3,1
87,NA,8,9,9,NA,9,9,9,9,9,9,9,9,8,NA,2,NA,1,3,1,4,NA,1
88,8,7,9,5,9,9,9,9,8,9,9,NA,9,7,1,2,3,2,1,2,1,3,1
89,7,3,5,5,4,3,5,4,9,7,7,4,7,3,NA,2,3,6,1,NA,4,3,0
90,8,9,9,7,NA,8,7,8,NA,9,9,9,8,9,1,2,1,9,3,2,7,5,1
91,9,6,NA,7,9,7,8,NA,9,9,8,9,9,NA,5,2,2,4,3,2,1,8,1
92,9,5,4,5,NA,7,6,4,5,6,8,7,9,NA,1,2,2,NA,3,2,NA,6,1
93,9,7,7,NA,6,NA,9,7,7,9,NA,9,9,4,1,NA,3,6,5,2,NA,6,0
94,9,7,8,9,9,7,9,NA,9,9,9,9,9,NA,1,NA,NA,2,2,1,1,10,1
95,9,9,9,8,9,9,NA,9,9,9,9,9,9,8,1,2,1,1,1,2,5,3,1
96,9,9,6,8,9,9,8,9,NA,7,9,9,9,6,2,2,NA,4,3,2,4,10,0
97,9,9,5,9,6,6,6,8,9,9,9,9,6,5,1,2,1,NA,3,1,3,3,0
98,8,7,4,9,NA,8,9,NA,7,9,9,9,9,7,2,2,2,2,1,1,7,3,0
99,8,5,4,4,7,8,7,9,9,7,9,9,9,5,NA,1,3,4,1,1,4,4,0
100,8,8,6,NA,8,8,9,9,9,9,9,8,9,6,1,2,NA,1,1,1,4,4,0
101,9,7,5,NA,9,9,8,9,9,7,9,NA,8,6,4,NA,2,2,1,1,2,8,1
102,9,8,9,8,NA,8,9,9,9,9,NA,9,NA,NA,1,2,3,1,1,1,5,NA,1
103,9,NA,9,8,8,7,4,9,9,9,9,NA,9,8,1,2,NA,1,1,1,7,3,1
104,9,8,7,8,9,9,9,9,9,9,9,9,8,9,NA,2,3,1,NA,1,3,5,1
105,9,8,7,6,9,8,9,9,NA,9,9,9,8,7,1,1,NA,1,3,2,4,4,1
106,9,9,9,9,9,9,9,9,8,9,9,9,9,7,2,2,1,2,5,NA,5,4,1
107,NA,6,6,6,NA,6,7,8,8,9,8,9,8,6,2,2,2,2,3,2,4,7,1
108,8,9,7,5,NA,4,2,7,6,8,8,7,7,7,2,2,2,2,1,2,7,3,0
109,9,NA,9,9,9,6,9,9,9,8,9,9,8,9,1,2,2,NA,1,1,4,NA,1
110,9,8,7,9,9,9,7,6,9,9,9,9,NA,6,1,2,2,NA,3,NA,5,5,1
111,9,9,6,7,8,9,7,9,7,8,7,5,8,8,1,2,2,3,1,1,5,2,0
112,9,8,6,9,9,8,9,9,7,9,9,8,9,7,1,NA,1,2,3,2,6,3,1
113,8,8,6,9,8,6,5,9,9,NA,9,9,9,NA,1,2,1,1,6,2,4,2,1
114,7,6,3,2,6,8,5,6,9,9,9,9,8,5,1,2,2,1,1,1,1,5,0
115,8,6,6,6,6,6,4,9,9,9,8,8,8,4,3,1,1,2,3,1,8,10,1
116,6,6,7,4,8,5,6,9,9,9,9,8,7,7,1,2,1,5,1,1,3,5,0
117,NA,4,8,5,NA,9,7,8,9,9,9,9,9,5,2,1,2,2,3,2,2,13,0
118,5,8,2,4,NA,7,NA,6,NA,6,5,3,5,5,5,2,3,1,1,1,6,2,0
119,9,9,5,5,9,9,9,9,9,9,9,8,9,6,2,2,2,NA,1,1,NA,3,1
120,9,NA,6,8,9,NA,8,9,7,9,9,8,NA,9,NA,2,3,1,4,NA,1,2,1
121,7,6,8,6,5,5,4,4,7,7,6,6,9,6,5,2,2,10,5,2,3,5,1
122,8,7,9,6,9,9,8,8,9,9,9,8,9,NA,1,1,NA,2,1,2,3,5,1
123,9,8,9,9,9,8,8,9,7,6,8,7,7,9,2,2,1,3,1,1,6,4,1
124,6,5,6,6,9,9,9,9,9,9,9,NA,9,9,2,2,3,5,1,2,7,5,1
125,7,9,6,8,7,9,7,7,9,9,9,9,7,8,1,2,3,2,3,1,NA,6,1
126,7,5,7,4,9,9,6,6,8,6,9,9,NA,NA,4,2,1,2,1,2,NA,1,0
127,9,NA,6,9,9,9,9,9,9,9,9,NA,9,9,1,2,1,4,3,1,5,NA,1
128,8,5,8,6,9,7,8,7,8,7,NA,8,9,5,1,1,1,6,3,2,6,2,0
129,9,9,8,8,4,8,6,5,5,4,3,2,5,8,1,2,1,6,2,1,7,2,0
130,7,5,3,2,8,4,NA,6,9,9,7,9,6,5,1,2,2,2,1,NA,5,8,0
131,5,NA,5,2,4,7,5,5,8,6,7,7,NA,1,1,2,NA,4,2,1,6,9,0
132,9,7,7,8,6,7,5,NA,9,9,7,NA,7,7,1,2,2,4,3,1,6,6,1
133,9,9,8,7,9,NA,7,8,8,NA,9,9,9,NA,2,2,2,4,3,1,4,8,1
134,9,9,7,NA,9,9,9,8,9,NA,9,9,8,9,1,2,2,1,2,2,NA,12,1
135,6,7,NA,4,NA,7,5,5,6,7,NA,7,4,4,1,2,NA,NA,2,1,7,5,1
136,8,6,NA,8,9,7,NA,NA,9,8,8,6,9,9,1,2,2,4,1,1,5,4,1
137,9,7,9,9,9,9,9,8,9,NA,9,9,9,7,4,1,3,2,3,1,5,6,1
138,9,8,9,6,NA,5,5,6,9,NA,9,9,5,8,1,NA,1,9,2,2,6,5,1
139,NA,7,9,9,9,NA,7,9,9,9,9,9,9,9,1,2,1,3,1,1,NA,3,0
140,9,6,8,8,6,4,6,9,7,7,8,6,8,8,1,1,1,1,3,NA,8,6,1
141,9,8,9,9,9,7,9,9,9,8,9,7,9,9,1,2,NA,6,1,1,7,9,1
142,9,8,9,9,9,9,9,8,9,9,9,9,8,9,1,2,3,1,2,2,NA,2,1
143,9,8,6,7,5,8,7,8,9,9,9,9,6,7,4,2,2,1,3,2,5,8,0
144,9,8,6,7,7,9,4,4,9,9,9,NA,9,7,1,2,1,6,5,NA,NA,1,1
145,8,NA,8,NA,4,6,7,7,NA,NA,5,7,6,5,1,2,NA,1,3,2,6,6,0
146,9,8,7,5,7,4,5,3,9,9,9,7,9,8,5,2,3,1,1,NA,2,NA,0
147,8,7,NA,9,8,8,7,9,9,8,7,8,9,6,1,2,NA,2,1,2,NA,5,0
148,7,7,7,5,7,3,4,8,5,2,4,6,5,7,1,2,2,1,1,2,5,10,0
149,9,9,8,NA,5,7,6,8,8,9,8,9,9,7,2,2,1,6,1,2,1,NA,1
150,9,9,8,9,9,NA,6,6,NA,9,7,9,8,NA,5,2,2,2,3,2,1,6,1
151,8,NA,6,3,9,7,9,NA,9,9,NA,9,7,4,NA,NA,2,6,3,1,5,6,0
152,3,4,5,4,7,3,5,7,9,9,9,9,NA,NA,1,1,1,10,1,1,5,6,0
153,8,9,8,7,9,9,7,7,9,9,9,9,9,6,1,2,2,1,3,1,3,9,0
154,9,9,6,9,7,6,7,8,9,9,NA,9,7,6,4,1,3,1,2,2,NA,4,1
155,8,7,7,4,9,9,8,9,9,8,NA,9,9,8,1,1,3,9,1,2,4,3,1
156,9,7,9,9,2,1,2,5,9,7,7,9,6,7,NA,2,1,4,5,2,7,9,0
157,7,NA,8,4,7,7,7,7,7,9,5,NA,9,NA,1,2,3,NA,3,2,3,4,1
158,9,9,6,9,9,9,9,9,9,9,9,9,9,9,1,1,1,3,3,2,7,NA,1
159,9,9,9,9,9,9,NA,9,9,9,9,9,6,9,1,1,3,4,1,1,5,5,1
160,NA,6,9,8,9,6,NA,7,9,9,9,9,9,9,1,NA,1,1,6,NA,1,5,0
161,9,8,6,6,9,9,8,9,9,7,NA,9,9,9,2,2,1,3,3,2,7,6,1
162,9,7,4,4,8,9,7,9,9,9,8,9,5,7,1,2,3,2,3,2,1,3,1
163,9,8,9,6,9,7,7,NA,8,5,9,9,8,6,2,2,NA,2,NA,1,7,2,1
164,9,9,5,8,9,6,8,9,8,9,8,8,9,8,1,2,3,4,3,1,1,4,1
165,9,6,6,9,9,9,7,7,9,NA,9,9,9,8,1,2,3,4,NA,2,6,7,1
166,5,8,NA,8,9,8,7,NA,9,9,9,9,9,8,1,2,1,2,2,2,1,4,1
167,9,9,9,8,9,8,9,9,9,9,9,9,9,9,4,2,3,3,1,NA,4,9,1
168,6,6,9,4,8,6,6,4,8,9,7,9,8,6,1,2,3,4,3,1,4,4,0
169,NA,6,5,7,9,8,9,9,9,7,9,9,7,5,1,2,NA,9,6,2,1,4,0
170,9,9,9,9,9,9,9,9,7,7,5,5,8,9,1,2,1,5,1,2,1,5,1
171,8,9,8,5,8,NA,6,8,8,9,8,9,9,6,2,1,1,3,1,2,7,13,0
172,9,7,7,9,9,8,NA,9,4,8,9,7,8,6,1,2,2,1,5,1,4,NA,0
173,8,6,9,5,9,6,9,9,9,9,9,NA,9,7,1,2,NA,4,NA,1,3,4,1
174,9,NA,NA,9,8,9,9,9,9,NA,8,9,8,9,1,2,3,1,2,1,6,2,1
175,6,5,8,6,8,9,6,8,9,9,9,9,9,6,1,2,2,1,NA,1,6,10,0
176,NA,NA,6,4,8,9,8,8,8,9,9,9,8,8,1,2,3,3,1,2,8,3,1
177,9,8,NA,7,9,NA,9,9,7,8,8,9,NA,9,NA,2,2,4,2,2,1,6,1
178,5,2,5,3,3,7,6,6,8,9,6,7,8,1,2,2,2,4,2,2,5,4,0
179,9,7,6,9,9,9,7,8,9,NA,8,9,9,6,2,1,3,NA,2,NA,NA,7,0
180,NA,5,6,6,9,NA,9,NA,9,9,7,9,9,9,1,2,2,4,1,2,6,NA,1
181,9,9,7,6,9,9,9,9,9,9,9,8,9,9,4,2,1,2,6,1,NA,9,1
182,9,8,7,NA,6,9,8,7,9,9,9,9,9,6,1,2,2,2,NA,2,7,7,0
183,9,7,7,7,8,7,9,8,9,9,7,8,NA,7,1,1,2,2,6,2,5,8,1
184,8,8,8,6,8,8,8,9,9,9,9,8,7,NA,2,2,2,NA,3,1,1,1,1
185,6,8,6,9,NA,9,NA,9,8,9,9,5,9,5,NA,1,3,2,3,2,7,2,0
186,9,7,8,6,9,8,5,7,9,NA,9,9,8,7,1,2,3,9,2,2,8,2,0
187,9,9,9,6,9,7,NA,9,NA,8,8,NA,9,9,1,2,2,NA,1,2,NA,3,1
188,9,9,9,9,9,9,9,9,7,9,9,9,9,9,1,2,3,7,1,2,7,NA,1
189,9,6,7,8,9,8,7,9,9,NA,9,9,8,5,1,2,3,3,3,2,1,2,1
190,9,6,7,7,9,NA,9,9,7,8,9,NA,9,NA,NA,2,2,2,6,2,1,9,1
191,6,5,5,3,8,7,NA,NA,9,9,7,9,6,6,1,2,1,NA,6,2,5,2,1
192,6,7,NA,8,9,9,6,9,9,7,9,9,9,6,2,2,2,3,1,2,NA,4,1
193,9,5,5,6,NA,5,9,8,9,6,9,NA,7,3,1,2,3,1,1,1,3,NA,0
194,9,9,6,6,9,6,NA,7,9,9,NA,9,NA,9,4,2,3,3,3,2,1,12,1
195,8,4,7,7,7,5,3,6,NA,7,4,5,4,NA,2,2,3,3,3,2,6,NA,0
196,6,6,6,2,6,6,3,5,8,7,9,8,4,2,2,2,3,4,1,2,3,6,0
197,9,7,9,NA,9,8,9,9,9,9,9,9,9,7,2,2,1,4,1,1,1,6,0
198,9,7,6,7,6,5,NA,4,8,NA,6,5,8,7,1,2,2,2,1,NA,6,4,0
199,9,7,7,9,7,8,5,8,9,8,8,7,9,9,1,NA,3,1,3,1,3,3,1
200,9,5,6,4,6,6,5,6,8,9,9,9,9,6,1,2,2,2,1,2,3,3,0
201,NA,7,6,8,8,8,8,9,9,9,9,9,8,8,1,2,1,4,1,1,5,1,1
202,NA,5,NA,NA,8,7,7,9,9,9,9,9,9,9,4,2,3,2,2,1,1,6,1
203,8,8,9,9,9,9,9,9,9,9,NA,9,9,9,1,NA,1,1,2,1,7,7,1
204,9,9,7,4,9,8,7,9,9,6,9,NA,6,NA,1,2,1,2,1,2,7,3,1
205,9,9,9,9,9,9,6,9,9,9,9,9,5,9,NA,NA,1,3,3,1,7,7,1
206,9,9,8,9,9,8,9,9,9,9,9,9,9,9,4,1,2,2,3,NA,NA,6,1
207,7,4,NA,4,9,9,9,9,8,9,7,9,8,8,1,2,3,2,NA,2,6,NA,0
208,9,9,8,6,9,9,9,9,9,9,9,9,9,NA,1,NA,1,2,1,1,6,4,1
209,6,6,5,4,9,9,9,8,9,9,9,9,8,8,1,2,2,4,4,2,NA,2,1
210,9,5,7,8,8,NA,5,9,8,8,7,8,8,8,1,2,1,NA,2,2,3,12,0
211,9,9,9,8,9,9,9,9,8,7,9,9,9,9,1,1,1,NA,5,1,8,2,1
212,8,9,9,9,9,NA,8,9,9,9,9,9,9,9,2,2,3,9,1,1,2,NA,1
213,9,9,9,8,9,8,9,7,5,9,9,9,9,9,4,2,NA,4,1,1,3,9,1
214,9,NA,7,9,9,NA,9,6,9,9,9,9,9,9,4,2,1,2,3,NA,6,2,1
215,9,9,9,9,9,8,9,8,8,9,9,NA,7,9,1,2,1,3,4,1,8,8,1
216,5,5,3,8,7,7,6,9,NA,7,5,6,NA,7,2,2,3,2,4,1,4,NA,0
217,NA,6,8,8,9,9,9,9,9,9,8,9,9,7,1,1,3,NA,NA,1,1,3,1
218,9,9,9,8,7,9,9,9,9,9,9,8,9,9,4,2,3,2,NA,2,6,12,1
219,8,9,9,8,9,7,5,6,8,9,9,9,8,6,1,2,1,2,1,NA,4,2,0
220,9,9,9,7,9,8,7,6,9,8,NA,9,9,8,1,2,1,NA,NA,2,2,7,1
221,8,7,6,8,7,7,8,9,7,8,7,6,6,9,1,2,3,6,1,1,3,6,1
222,7,5,5,6,NA,6,NA,8,8,7,7,NA,7,8,4,2,3,3,1,1,8,3,1
223,6,7,3,5,9,7,6,7,8,8,8,6,8,5,3,2,2,NA,3,1,6,4,1
224,9,7,NA,8,9,8,7,7,9,9,9,9,9,9,1,2,2,NA,1,2,4,2,1
225,9,8,7,5,9,NA,7,9,9,9,9,9,7,6,2,NA,3,6,3,1,1,12,0
226,9,9,NA,6,9,9,8,9,5,7,NA,8,9,7,1,2,1,2,4,1,4,8,1
227,7,9,5,5,9,8,9,8,9,NA,9,9,9,NA,1,1,3,4,1,2,2,12,1
228,8,9,7,8,9,9,7,9,9,NA,NA,NA,7,8,1,2,2,4,2,2,6,3,1
229,7,9,9,8,9,9,9,9,9,NA,9,7,9,9,2,2,NA,3,3,2,1,5,1
230,9,9,9,8,8,4,5,6,9,7,NA,9,NA,7,2,1,2,4,3,2,7,NA,0
231,7,8,6,6,7,7,5,7,7,8,8,5,NA,6,2,2,NA,4,6,2,4,1,0
232,8,5,7,8,9,8,8,7,7,9,9,NA,6,6,1,2,1,4,3,2,7,3,1
233,9,9,8,8,9,9,9,9,8,9,9,9,9,9,1,2,2,9,5,2,5,3,1
234,4,4,6,7,9,8,6,9,9,9,9,NA,9,4,4,2,3,2,NA,NA,5,9,1
235,9,9,NA,4,9,5,8,9,8,7,8,8,7,9,1,NA,3,2,NA,2,2,NA,0
236,9,9,5,7,9,9,9,9,9,9,9,6,9,9,2,NA,3,4,1,2,3,2,1
237,7,7,6,8,7,NA,NA,9,9,NA,NA,7,NA,9,1,NA,3,2,6,1,1,NA,0
238,8,NA,8,5,9,7,9,7,5,9,9,8,4,8,5,2,2,1,1,2,4,4,1
239,9,7,6,6,9,9,9,NA,9,9,NA,9,9,9,2,2,1,4,3,1,NA,12,1
240,9,9,9,6,9,8,8,9,9,6,9,9,8,8,5,2,1,2,3,1,5,6,1
241,5,7,7,NA,5,8,NA,6,8,6,8,9,7,6,2,2,1,5,2,1,8,1,0
242,9,9,NA,5,6,5,2,8,7,7,6,6,5,7,2,2,2,2,3,NA,6,3,0
243,7,8,7,8,8,9,7,6,9,9,9,7,8,5,2,2,NA,9,3,2,1,4,1
244,9,7,6,8,9,8,9,9,6,7,9,7,8,9,1,2,1,4,NA,2,6,NA,1
245,7,5,NA,6,7,9,9,9,7,NA,9,NA,NA,4,1,2,1,NA,6,1,NA,3,0
246,9,9,9,8,9,9,9,7,9,9,9,9,9,9,1,2,3,2,3,1,6,9,1
247,8,7,7,7,9,9,6,7,8,NA,9,9,7,7,2,2,2,3,NA,1,1,6,1
248,9,9,8,9,9,9,9,9,9,9,9,7,8,NA,4,1,2,1,2,1,7,1,1
249,7,9,5,9,9,7,9,9,9,9,8,9,7,7,1,1,3,NA,3,2,4,13,1
250,8,5,6,7,6,5,4,3,NA,9,9,NA,5,2,1,1,1,5,1,1,5,10,0
251,7,8,6,7,9,9,9,8,9,9,9,9,9,8,2,2,1,2,1,2,6,1,1
252,9,9,9,NA,9,8,7,9,9,9,NA,9,8,NA,NA,1,1,4,3,2,4,1,0
253,9,6,4,8,7,8,8,9,7,9,9,9,6,7,NA,2,1,NA,6,1,5,5,0
254,6,9,5,5,NA,9,9,9,5,7,NA,8,8,9,2,1,3,NA,1,1,7,4,1
255,8,8,7,9,9,9,6,8,5,NA,7,NA,9,7,2,2,NA,5,1,1,6,5,0
256,6,3,NA,3,7,9,7,9,NA,9,9,8,9,5,4,2,3,2,1,2,2,5,1
257,9,8,9,7,7,9,7,9,9,9,9,9,9,7,1,NA,1,2,NA,2,4,12,1
258,9,7,9,4,8,8,8,NA,9,9,9,NA,9,4,1,2,2,4,6,2,6,10,0
259,9,6,5,5,8,9,8,NA,NA,8,7,9,8,6,2,2,2,1,1,1,3,5,0
260,9,7,7,9,7,9,6,6,9,9,9,7,5,4,1,2,1,9,1,1,4,4,1
261,8,7,6,5,6,6,4,8,9,6,7,7,6,4,2,2,1,10,3,1,4,2,0
262,9,8,7,8,9,6,7,7,9,9,9,7,8,9,2,1,2,3,3,1,1,2,1
263,9,8,8,9,9,9,NA,9,9,8,NA,7,8,8,1,1,3,2,3,2,6,13,1
264,5,8,8,6,6,8,7,NA,9,7,9,6,5,4,1,1,2,1,1,2,4,2,0
265,8,9,8,8,5,9,7,9,9,9,9,9,9,NA,1,2,2,9,1,2,6,2,0
266,9,9,8,9,9,9,6,9,9,9,9,9,7,9,4,2,2,6,1,1,6,13,1
267,8,6,7,4,6,8,7,7,9,6,7,7,6,5,2,2,NA,2,1,2,1,6,0
268,9,5,9,9,9,9,8,7,9,9,9,8,8,9,1,2,1,6,1,NA,1,7,1
269,8,NA,7,9,4,8,4,6,6,9,7,NA,8,5,5,2,2,2,1,2,7,4,1
270,9,9,9,8,9,6,NA,5,8,8,NA,6,7,7,2,2,2,1,6,2,7,3,1
271,9,6,6,7,6,9,6,7,7,9,8,6,7,7,1,2,2,3,1,1,1,6,1
272,9,8,4,9,9,9,7,7,9,9,9,9,9,5,1,2,2,5,5,1,6,1,1
273,8,7,7,3,7,7,NA,9,9,5,7,5,6,7,1,1,1,6,6,1,5,3,0
274,NA,9,9,9,9,9,8,9,9,9,9,9,9,9,4,1,1,1,2,2,1,1,1
275,9,6,7,8,9,9,9,9,9,9,9,9,6,7,NA,2,3,2,1,1,6,4,1
276,7,6,6,4,4,6,5,5,9,7,7,9,7,4,1,1,3,2,1,1,1,3,0
277,9,6,7,9,9,8,8,9,9,9,9,9,NA,8,1,2,1,4,3,1,8,3,1
278,NA,8,8,7,9,9,9,9,7,8,8,8,9,NA,1,2,1,3,1,1,5,6,1
279,8,8,7,6,9,NA,8,9,9,8,9,5,5,8,NA,2,NA,3,3,2,1,2,0
280,9,7,NA,9,9,9,9,9,9,9,9,9,9,9,1,1,3,2,1,1,1,3,0
281,8,NA,NA,9,9,9,6,9,9,9,9,9,9,NA,1,2,3,2,1,2,NA,2,0
282,NA,8,NA,9,9,9,9,9,9,8,NA,9,9,9,2,2,3,4,1,1,7,5,1
283,8,9,8,5,6,NA,6,7,9,9,9,9,7,3,NA,2,2,5,1,2,5,2,1
284,9,8,7,8,9,9,9,8,8,9,9,9,9,9,NA,2,3,6,1,2,6,NA,1
285,7,6,3,8,9,7,4,9,7,NA,9,9,9,4,1,2,2,1,3,2,5,5,0
286,6,7,NA,9,9,NA,6,NA,9,9,9,9,9,6,2,2,1,1,1,2,4,7,0
287,9,9,9,4,5,6,6,5,9,7,8,9,NA,5,NA,2,2,6,1,1,1,8,1
288,9,6,5,7,9,9,9,9,NA,9,9,NA,9,7,2,1,3,2,1,2,1,3,1
289,9,NA,8,9,9,NA,8,NA,8,8,9,8,4,8,4,2,1,2,1,1,6,2,1
290,9,7,8,6,7,7,6,7,8,7,5,6,7,9,2,2,3,NA,1,2,1,11,1
291,9,9,9,NA,5,7,7,9,NA,8,6,6,NA,8,1,1,NA,6,5,2,7,6,1
292,9,7,8,7,9,9,9,6,9,9,9,9,9,6,1,1,3,NA,6,1,8,6,1
293,9,8,6,5,8,6,7,9,NA,7,6,7,5,9,1,2,2,6,1,2,7,3,1
294,NA,8,7,6,9,8,9,8,8,9,9,9,8,6,2,2,1,1,NA,NA,7,10,1
295,9,9,9,7,8,9,6,6,7,6,9,8,6,8,1,1,NA,2,NA,1,4,4,0
296,9,9,9,9,9,9,7,8,9,9,9,9,9,9,2,1,NA,3,4,2,1,11,1
297,9,8,7,4,9,8,7,9,NA,9,9,7,8,9,4,2,3,2,2,2,5,4,0
298,9,6,NA,7,NA,6,6,9,9,9,NA,7,7,5,2,2,1,4,1,1,1,8,0
299,7,8,6,5,NA,8,9,9,7,9,NA,6,8,7,1,1,2,5,3,1,6,2,1
300,6,NA,7,6,9,7,6,8,NA,6,NA,9,6,6,2,2,1,6,1,1,5,6,0
301,9,8,5,NA,9,9,8,9,8,9,9,9,9,6,1,2,2,NA,1,1,4,NA,0
302,8,9,9,6,7,3,5,9,9,9,NA,9,9,9,4,1,3,1,1,2,8,3,1
303,9,9,9,8,9,9,8,9,9,9,9,9,9,9,1,1,3,5,NA,2,4,5,1
304,9,7,9,9,9,8,9,9,9,9,9,9,9,NA,1,2,3,1,1,1,NA,4,1
305,9,9,8,9,9,9,9,9,9,9,9,9,9,9,4,2,2,1,1,1,3,NA,1
306,9,7,9,7,6,8,6,6,NA,9,9,9,9,5,2,2,3,6,3,2,NA,13,1
307,9,7,4,8,8,NA,5,8,9,9,9,9,NA,NA,1,2,3,2,3,2,7,12,1
308,7,5,7,7,6,NA,4,9,NA,8,7,7,7,5,1,1,1,2,NA,2,4,5,0
309,9,6,6,6,6,6,7,6,9,7,9,9,7,7,5,1,2,1,3,1,6,10,0
310,7,7,5,6,9,9,7,6,9,9,9,9,8,4,1,2,2,2,1,2,NA,8,0
311,9,9,8,8,3,3,4,7,9,NA,7,6,7,7,1,2,1,4,NA,2,1,NA,1
312,8,7,8,3,NA,9,9,9,9,9,9,9,9,5,1,2,3,6,1,1,6,NA,1
313,8,6,3,8,9,7,7,7,9,9,7,9,9,7,5,NA,2,1,1,1,2,7,1
314,9,9,6,9,7,9,9,9,NA,9,9,9,8,9,NA,2,2,2,3,2,6,9,1
315,9,9,9,NA,9,9,9,9,NA,8,8,7,NA,9,2,2,2,2,1,1,1,3,1
316,9,9,9,7,NA,7,6,NA,NA,9,9,9,9,6,1,NA,2,5,5,1,4,9,0
317,9,NA,NA,7,9,9,9,9,9,7,8,8,8,9,1,2,3,9,1,1,1,8,0
318,8,NA,5,2,7,8,5,7,9,8,9,8,NA,8,2,2,3,2,1,1,1,2,0
319,9,8,9,6,8,7,4,9,9,7,9,9,8,7,1,NA,2,2,2,2,6,11,0
320,NA,7,4,8,9,9,NA,9,9,9,9,9,NA,7,2,1,1,9,1,1,4,2,1
321,7,9,3,9,NA,8,7,6,8,9,9,NA,9,NA,1,2,2,6,2,2,1,4,0
322,7,8,5,7,9,9,8,9,NA,9,8,9,9,7,1,1,1,8,NA,2,7,2,0
323,9,6,9,7,NA,5,NA,7,9,9,8,9,6,6,1,2,1,1,1,2,3,1,0
324,NA,9,8,8,9,9,NA,9,9,8,NA,9,8,6,NA,2,1,1,3,1,1,7,1
325,9,8,6,4,9,8,9,8,NA,9,8,9,9,9,2,2,1,6,1,1,6,12,1
326,9,6,8,5,9,9,7,9,9,9,9,9,9,8,1,2,2,1,3,1,1,8,1
327,9,9,9,9,9,9,9,9,9,NA,9,9,NA,8,4,2,2,2,5,1,5,5,1
328,9,6,NA,8,8,NA,7,7,NA,9,9,9,9,8,1,NA,2,4,NA,NA,NA,4,1
329,7,7,5,7,9,9,NA,9,9,9,9,9,9,9,4,2,3,2,3,NA,7,12,1
330,8,7,8,8,3,4,4,5,9,9,7,9,8,3,1,2,3,4,1,2,3,6,1
331,9,8,9,7,8,6,7,5,9,9,9,9,7,4,1,2,3,2,NA,2,5,NA,0
332,9,6,7,7,8,8,9,9,9,9,NA,8,9,9,5,2,2,1,1,1,7,5,1
333,9,9,8,6,9,9,9,9,9,9,NA,9,9,9,1,2,1,1,1,2,6,4,1
334,9,9,9,8,7,9,6,9,7,NA,6,4,7,7,1,2,1,NA,2,2,2,5,1
335,9,7,9,8,9,6,7,9,4,6,7,9,8,6,2,1,1,2,3,2,4,4,0
336,4,5,6,4,5,7,6,5,4,8,8,5,4,NA,1,1,1,9,3,1,7,6,0
337,8,9,5,8,9,9,9,9,9,9,9,9,9,9,1,1,3,4,3,1,4,9,1
338,7,6,6,9,9,9,9,9,8,9,8,8,9,8,5,2,1,6,1,2,6,4,1
339,9,6,7,5,7,5,NA,NA,6,8,8,7,8,7,4,2,3,4,1,2,1,5,0
340,9,9,9,9,9,9,9,9,9,9,9,9,NA,9,NA,1,2,2,5,1,6,6,1
341,9,5,5,6,7,6,5,9,9,8,9,8,6,9,1,2,3,6,3,2,3,2,0
342,9,9,NA,9,9,9,9,9,9,8,9,8,9,9,1,1,2,4,1,2,4,7,1
343,7,NA,7,4,8,8,6,7,5,9,8,8,9,7,NA,2,2,NA,3,2,5,3,1
344,9,8,8,8,4,7,2,6,9,7,7,9,9,8,1,2,3,4,1,2,4,10,0
345,7,9,8,8,NA,9,9,9,9,NA,9,9,NA,5,1,2,2,2,6,1,1,4,1
346,8,8,7,7,8,9,9,9,9,9,9,9,9,9,4,2,3,2,1,1,1,3,0
347,7,8,NA,8,8,4,5,7,9,9,9,9,9,6,1,2,1,3,3,2,5,2,1
348,8,5,NA,5,9,8,9,9,9,9,8,7,9,6,NA,1,2,6,1,2,3,4,0
349,2,7,5,5,9,8,8,NA,9,9,9,9,9,9,5,2,2,9,3,2,3,2,1
350,9,NA,7,6,9,8,9,9,8,6,5,6,7,8,1,2,1,4,1,2,4,5,0
351,9,NA,7,6,9,9,5,9,8,9,8,9,9,6,1,1,2,2,2,1,4,6,1
352,9,7,9,8,9,NA,8,7,9,9,NA,9,6,7,1,2,3,4,1,1,3,4,1
353,8,8,8,4,8,9,8,8,9,8,9,9,7,6,1,1,1,3,2,NA,NA,3,0
354,9,7,9,8,9,9,9,NA,9,9,9,NA,9,NA,1,2,1,2,2,2,8,3,1
355,4,9,NA,8,9,9,7,NA,7,9,9,9,9,4,2,1,1,2,NA,1,8,7,0
356,9,6,8,8,8,7,9,9,9,8,9,9,8,7,5,2,2,2,NA,2,1,5,0
357,9,9,7,7,9,9,9,9,9,9,9,9,9,9,1,2,1,3,3,2,5,2,0
358,9,7,NA,5,NA,8,6,7,9,8,6,7,5,9,1,2,NA,4,1,2,6,5,0
359,8,9,7,9,7,5,NA,5,9,8,8,NA,9,8,NA,2,3,4,1,1,1,1,1
360,9,9,9,9,9,7,6,6,NA,9,9,NA,9,8,4,2,1,6,3,1,5,13,1
361,9,4,6,7,9,8,9,9,9,9,9,9,9,8,5,2,3,1,1,1,3,5,1
362,NA,9,9,7,9,9,9,9,9,9,9,9,9,9,4,1,3,2,5,1,1,NA,1
363,9,9,8,7,9,8,9,6,8,9,7,9,9,7,1,NA,2,2,3,NA,NA,4,1
364,7,8,7,NA,9,9,7,8,9,8,9,8,NA,NA,1,1,2,1,1,1,4,5,0
365,9,9,9,9,9,9,9,8,9,9,9,9,9,9,1,2,2,4,6,2,4,6,1
366,NA,9,9,6,9,9,7,9,9,9,9,9,9,8,1,2,3,1,3,1,6,4,1
367,9,6,9,7,6,NA,7,8,8,9,8,NA,5,7,2,2,2,4,3,2,1,3,1
368,9,NA,6,8,6,8,7,7,6,8,8,NA,8,8,2,2,2,NA,1,2,3,5,0
369,NA,6,NA,5,9,9,9,9,9,6,8,9,8,9,1,2,1,NA,2,1,6,2,1
370,NA,8,6,5,9,8,9,9,9,9,9,9,NA,NA,2,1,1,2,2,1,NA,3,1
371,9,NA,5,7,7,8,7,7,9,NA,8,9,9,4,1,1,1,1,NA,1,6,3,1
372,9,NA,9,7,9,6,7,9,9,9,9,9,NA,9,4,2,2,4,1,2,4,6,0
373,9,7,6,9,NA,8,8,9,9,9,8,9,9,8,NA,1,1,4,NA,1,3,4,1
374,9,6,6,8,9,9,8,9,8,9,9,9,9,8,NA,2,1,NA,2,1,4,NA,0
375,9,7,9,NA,8,6,8,7,7,6,7,7,6,6,1,2,1,4,NA,NA,4,4,0
376,8,7,5,4,5,6,7,6,8,8,7,7,6,7,4,2,1,7,3,1,4,NA,0
377,9,8,5,5,9,9,9,NA,9,9,9,9,7,8,1,2,2,1,3,1,1,1,0
378,9,7,9,5,8,6,6,7,NA,9,9,9,9,5,1,NA,NA,NA,1,1,6,NA,0
379,8,6,6,5,9,7,9,NA,9,9,9,9,7,7,5,1,1,10,1,2,7,6,1
380,6,NA,6,7,9,9,9,9,9,9,6,9,9,8,4,2,2,2,3,NA,3,11,1
381,9,7,7,7,9,8,9,9,9,9,9,9,9,9,1,2,1,1,3,2,6,1,1
382,9,4,6,3,6,5,5,7,9,9,7,8,8,NA,1,1,2,4,5,1,7,7,1
383,8,5,5,6,7,8,9,7,9,3,6,7,9,7,NA,2,NA,2,1,1,5,3,0
384,9,6,5,4,9,9,6,7,8,9,8,NA,NA,5,NA,2,2,4,1,2,4,5,0
385,7,5,5,6,9,6,6,8,9,9,9,9,8,9,1,2,3,1,1,1,4,7,0
386,9,7,7,3,7,8,8,9,9,9,NA,NA,9,NA,NA,2,2,3,2,1,6,8,1
387,9,NA,NA,8,6,9,6,7,8,8,9,9,9,8,NA,2,3,2,3,NA,NA,9,1
388,9,8,7,5,9,9,5,8,9,9,9,9,9,9,1,2,2,2,3,2,7,2,1
389,9,6,7,7,8,9,7,9,9,9,9,7,9,6,4,2,2,1,1,1,4,4,1
390,8,7,9,6,5,9,5,7,9,9,NA,8,NA,6,2,NA,2,4,3,NA,6,7,0
391,9,9,9,9,9,9,8,NA,8,9,7,8,7,9,4,2,2,1,1,1,4,4,1
392,6,6,3,5,8,8,6,NA,8,8,9,8,NA,6,2,2,1,6,3,1,5,9,0
393,7,4,7,7,9,8,7,9,9,8,9,7,9,8,1,2,1,2,6,2,3,5,0
394,9,9,7,8,9,9,9,9,7,9,9,8,7,9,1,2,NA,3,2,2,4,1,1
395,7,8,4,6,9,9,NA,8,9,9,9,9,9,8,1,2,3,NA,5,2,3,13,0
396,9,9,NA,7,7,8,8,9,9,9,9,9,9,9,NA,NA,1,NA,1,1,6,7,1
397,9,9,7,8,7,9,6,6,NA,8,9,8,9,9,NA,2,2,6,2,2,3,4,0
398,8,8,8,5,5,5,5,4,9,8,9,8,9,7,4,2,3,6,2,1,6,6,1
399,9,7,5,8,9,9,9,9,9,9,NA,9,9,8,1,2,2,4,2,NA,7,2,1
400,9,7,8,9,9,7,7,9,8,8,8,9,9,9,NA,2,2,2,3,1,5,7,1
401,9,6,7,7,9,6,8,8,9,7,8,8,7,9,1,2,3,3,4,2,3,2,1
402,9,4,6,NA,9,9,9,NA,9,9,NA,NA,9,8,1,2,3,6,5,2,6,3,1
403,9,9,7,9,9,9,9,9,7,8,6,9,9,9,4,1,3,7,3,1,NA,4,0
404,9,7,6,8,9,9,9,7,5,9,6,7,9,9,1,2,NA,NA,1,1,3,NA,1
405,9,9,7,9,8,NA,9,8,8,9,9,9,9,7,2,2,2,3,1,1,6,5,1
406,8,9,NA,9,9,9,8,9,9,9,9,9,9,9,2,2,3,4,1,2,1,2,1
407,9,8,9,7,4,6,9,9,9,9,9,NA,6,8,1,NA,2,1,1,1,6,3,1
408,9,9,9,NA,8,9,7,9,NA,7,9,9,NA,5,1,2,3,2,3,1,7,7,0
409,9,8,NA,5,9,8,8,6,7,6,6,7,5,6,1,1,3,NA,3,2,7,2,1
410,7,5,9,9,9,7,8,9,5,9,7,5,8,8,1,2,3,4,2,1,NA,5,0
411,NA,7,9,9,8,9,9,9,9,9,9,7,NA,9,1,2,2,4,NA,1,7,11,1
412,9,9,5,9,9,9,8,NA,9,9,9,9,9,9,1,1,3,4,2,NA,3,7,1
413,9,9,6,6,9,9,9,6,5,9,7,9,8,9,1,1,2,8,2,1,6,5,1
414,8,7,7,7,NA,8,9,8,9,8,8,5,8,6,1,2,2,6,NA,2,NA,4,0
415,8,5,6,NA,9,9,9,9,9,9,NA,9,9,NA,2,2,2,6,1,1,4,8,0
416,9,7,9,8,9,6,5,7,8,9,9,6,8,5,4,2,1,3,2,NA,4,11,1
417,8,8,9,7,9,5,8,9,NA,9,8,8,NA,7,2,2,1,2,5,2,5,12,1
418,9,9,7,9,9,8,7,9,9,9,9,9,9,9,NA,2,1,NA,1,NA,2,NA,1
419,9,9,8,6,9,9,8,8,9,9,9,9,9,9,4,2,3,3,3,1,4,13,1
420,NA,8,9,9,NA,9,8,NA,8,9,9,9,8,9,1,2,2,1,6,2,6,7,1
421,9,8,9,9,9,9,9,9,8,9,NA,9,8,7,4,2,2,4,3,2,6,3,1
422,9,5,6,6,7,7,7,9,9,9,9,9,9,7,1,2,3,6,NA,1,6,4,0
423,7,6,9,7,9,NA,8,9,4,5,7,6,NA,7,1,2,3,3,1,2,3,9,1
424,9,9,9,9,7,8,NA,5,9,9,8,9,7,9,NA,2,1,1,3,2,4,3,1
425,8,7,7,5,6,8,5,8,9,7,NA,NA,8,2,1,2,3,2,1,2,1,NA,0
426,NA,9,NA,8,6,5,6,7,9,NA,9,6,NA,9,1,NA,2,7,1,1,3,NA,1
427,9,NA,9,9,9,8,7,9,9,8,9,9,8,9,1,2,3,6,2,1,4,12,0
428,9,9,4,NA,9,9,7,8,8,9,9,9,9,6,1,2,1,1,1,2,1,2,0
429,NA,8,9,5,9,NA,9,7,9,9,9,9,9,9,1,2,3,5,1,2,6,3,1
430,9,9,5,6,8,NA,4,9,9,9,NA,9,6,5,4,NA,2,NA,3,1,7,6,0
431,9,8,8,6,8,9,9,9,NA,NA,9,9,8,9,1,NA,3,1,4,2,4,12,1
432,9,8,5,8,9,9,8,NA,9,9,9,NA,9,9,4,1,2,2,1,1,6,2,1
433,8,8,9,8,7,9,8,8,9,9,9,9,9,8,1,2,2,3,3,1,4,9,1
434,9,9,7,7,9,9,8,9,9,8,9,8,6,8,1,NA,2,2,2,2,5,10,0
435,9,8,4,6,6,8,9,5,NA,NA,8,9,9,6,4,2,2,NA,1,1,6,2,0
436,9,5,9,7,9,9,8,9,8,9,9,7,7,4,1,2,NA,4,1,1,NA,7,1
437,9,9,9,7,8,NA,9,8,9,8,9,9,9,NA,1,2,2,7,NA,2,6,3,1
438,9,9,7,9,9,9,8,8,9,NA,NA,8,9,9,1,2,1,6,2,2,3,5,1
439,9,9,9,9,6,5,7,9,9,8,9,9,8,9,5,2,1,NA,1,2,2,3,1
440,9,7,9,7,8,9,NA,9,9,9,9,9,9,7,2,2,1,6,3,1,NA,10,0
441,9,8,9,9,7,8,5,8,9,9,9,9,8,6,2,1,3,NA,2,2,NA,7,0
442,9,6,9,5,9,9,7,9,NA,9,9,9,NA,9,1,2,2,5,6,2,3,5,1
443,7,NA,6,NA,8,9,8,8,NA,7,5,8,6,8,4,2,NA,1,1,2,1,6,0
444,9,9,NA,NA,9,9,9,NA,9,9,9,NA,9,9,2,2,1,NA,3,1,7,3,1
445,9,6,8,7,8,9,9,9,8,9,9,9,9,8,1,2,1,3,3,2,5,7,1
446,6,9,8,7,7,6,6,9,6,9,8,8,NA,8,2,2,2,NA,3,2,7,5,1
447,7,4,7,7,9,6,5,6,9,NA,8,8,4,6,1,1,2,9,4,1,6,1,0
448,9,NA,8,7,8,9,5,7,9,9,9,9,9,9,1,2,3,6,1,NA,4,6,1
449,6,8,3,7,6,5,6,9,7,4,9,9,8,8,NA,2,3,4,2,1,7,7,0
450,NA,7,8,8,9,6,8,6,9,9,9,9,7,8,NA,NA,2,9,3,1,2,2,1
451,9,9,9,9,9,8,9,7,9,9,9,9,9,9,1,2,3,1,1,2,4,3,1
452,6,9,7,6,NA,7,4,7,9,4,7,6,4,4,1,2,3,3,1,1,7,4,0
453,8,9,4,5,7,NA,9,9,9,9,9,9,9,6,2,1,2,1,1,1,1,3,0
454,NA,8,9,9,8,7,4,6,8,6,9,7,7,9,1,2,NA,NA,6,2,NA,10,0
455,9,9,8,8,9,6,9,6,6,9,9,8,NA,9,1,2,2,2,1,1,4,4,1
456,9,6,9,9,6,6,9,9,9,9,7,7,8,7,1,2,2,2,3,2,1,NA,1
457,9,9,4,5,3,4,5,4,NA,8,7,9,8,5,1,1,2,NA,3,2,3,NA,0
458,8,9,7,8,9,8,7,8,9,7,8,8,9,5,1,1,3,2,5,1,7,NA,0
459,NA,8,6,8,7,5,6,7,6,7,7,7,8,7,1,2,1,2,1,2,5,2,1
460,9,8,4,7,9,9,8,NA,9,7,6,9,9,9,2,2,1,2,1,2,5,3,0
461,8,6,9,7,9,8,9,8,9,9,9,9,7,5,1,2,2,NA,1,2,1,6,1
462,9,6,9,5,9,9,8,NA,9,9,7,9,NA,9,4,1,2,1,1,2,3,2,0
463,9,5,5,6,5,NA,4,7,7,9,9,9,9,7,4,2,3,1,1,2,7,10,0
464,9,8,6,9,9,9,9,9,9,9,9,NA,9,9,1,2,NA,4,3,2,1,10,1
465,9,9,9,9,NA,9,9,9,9,9,9,9,9,9,1,2,1,4,1,2,1,4,1
466,8,8,NA,6,7,9,6,6,9,9,6,5,6,6,1,1,3,NA,2,1,6,3,1
467,8,8,5,5,9,NA,9,9,9,9,9,9,9,7,4,2,3,9,2,1,4,3,0
468,9,NA,8,9,5,5,8,7,9,NA,9,9,9,6,NA,2,3,2,1,2,6,4,1
469,NA,4,6,6,7,7,NA,9,9,9,9,9,9,7,1,2,1,6,2,NA,NA,5,1
470,9,NA,7,7,8,9,8,8,9,9,9,7,9,8,1,2,3,9,1,2,2,4,1
471,8,3,4,8,NA,6,6,5,7,8,9,NA,9,4,1,2,2,9,3,2,5,3,0
472,8,9,7,8,9,9,9,9,8,7,9,9,9,9,1,1,1,6,3,1,5,5,1
473,7,6,7,6,6,7,8,9,9,NA,7,8,7,5,1,1,3,1,1,1,6,5,0
474,9,8,9,8,7,6,9,6,5,8,9,6,9,9,1,NA,2,6,1,2,7,3,1
475,NA,9,9,NA,9,9,9,9,9,9,8,9,9,8,2,1,3,2,3,2,4,7,1
476,9,5,3,6,NA,7,6,9,8,9,8,9,5,7,2,2,1,2,6,1,3,3,0
477,9,9,9,8,9,9,9,9,8,9,9,9,9,9,1,2,2,6,6,1,NA,3,1
478,9,8,8,7,9,9,9,8,9,NA,9,9,9,8,NA,2,NA,10,5,2,5,13,1
479,9,9,9,8,9,9,9,9,9,NA,9,9,8,8,1,2,1,2,3,2,3,2,1
480,9,8,9,9,9,7,8,7,9,NA,9,9,9,8,1,2,NA,2,2,1,6,4,1
481,9,9,8,9,9,9,9,9,9,9,9,9,9,9,1,2,1,1,3,1,1,2,0
482,NA,7,9,6,7,NA,6,6,9,9,7,7,8,9,5,2,1,2,5,1,NA,2,1
483,7,7,7,4,9,9,8,9,NA,9,8,NA,9,9,1,2,3,6,3,2,NA,13,1
484,8,9,9,8,9,NA,9,8,9,8,9,9,7,6,2,2,3,2,2,NA,4,1,0
485,9,8,8,9,8,9,9,7,8,9,9,7,9,7,4,2,1,2,6,2,1,3,1
486,9,9,9,8,9,8,8,NA,9,9,9,9,9,NA,1,2,1,4,6,2,NA,NA,1
487,8,6,6,6,9,9,NA,9,9,8,9,9,9,6,2,2,NA,6,NA,1,4,5,1
488,9,8,9,9,NA,6,7,6,9,9,9,NA,9,7,1,2,1,1,1,1,7,8,1
489,7,9,9,8,6,8,5,8,NA,9,9,9,9,5,1,2,1,1,1,2,6,2,1
490,9,9,8,7,8,7,NA,8,9,9,8,9,8,7,1,2,2,1,1,2,3,1,0
491,NA,6,6,8,9,9,7,9,9,9,9,9,9,8,2,1,3,NA,2,2,5,5,0
492,8,9,6,7,8,8,8,7,9,9,8,8,9,9,1,2,3,2,2,2,1,5,1
493,7,4,8,8,9,9,7,8,9,9,NA,9,9,6,5,2,1,2,2,1,8,3,0
494,9,7,9,5,6,7,4,7,5,4,4,6,NA,7,2,2,2,4,1,2,1,2,0
495,9,9,8,7,9,7,7,7,9,9,NA,9,9,7,NA,2,NA,4,6,1,5,1,1
496,NA,9,9,8,9,8,9,9,9,9,9,9,9,9,1,2,3,1,NA,1,NA,2,1
497,9,6,6,4,6,6,3,5,8,8,9,8,6,6,2,2,3,4,3,2,4,7,0
498,9,8,6,7,9,9,9,9,9,9,7,9,9,7,1,2,2,1,3,NA,7,4,1
499,9,9,6,NA,9,9,9,8,9,NA,9,8,9,NA,1,2,2,3,1,1,1,4,1
500,9,NA,9,8,7,9,9,9,8,NA,9,8,NA,8,4,2,1,1,2,2,7,6,1
501,9,7,7,5,8,9,9,8,9,9,8,8,7,9,1,2,3,1,1,2,3,6,1
502,9,8,6,NA,6,2,7,6,9,9,7,9,5,7,1,2,3,1,NA,1,4,3,0
503,9,9,6,2,7,4,2,6,8,9,9,NA,6,7,5,2,3,2,1,2,7,1,0
504,8,3,7,3,8,6,7,9,7,5,3,6,5,5,1,2,3,4,5,1,NA,2,0
505,7,9,9,8,5,8,9,NA,9,9,9,9,7,7,2,2,2,4,5,NA,4,NA,0
506,8,7,6,6,9,9,9,9,9,9,9,9,9,9,1,2,2,3,3,2,1,2,1
507,9,6,7,NA,8,7,NA,8,9,8,9,9,9,7,1,1,NA,4,1,2,5,7,0
508,9,9,9,7,9,9,7,9,9,NA,9,9,9,8,1,2,1,1,3,2,NA,8,1
509,9,9,7,7,9,9,7,9,9,9,8,9,5,8,1,2,NA,6,NA,2,1,3,1
510,9,8,7,7,9,9,8,9,9,9,7,8,7,7,1,2,1,6,1,NA,7,7,0
511,7,NA,7,7,9,9,8,9,8,9,9,9,8,7,1,2,2,3,1,1,7,4,1
512,9,9,9,6,NA,8,8,9,9,9,7,NA,9,9,1,2,3,NA,1,NA,7,3,1
513,9,7,7,6,8,9,9,9,NA,9,9,9,9,7,NA,2,3,3,6,1,2,2,1
514,8,8,6,9,9,9,8,NA,9,9,9,NA,9,8,2,2,1,1,3,2,5,2,0
515,9,8,5,7,7,7,9,7,9,9,9,9,9,8,1,2,3,1,1,1,8,10,0
516,6,3,5,3,9,9,9,9,9,9,9,9,7,3,1,2,1,1,5,1,4,1,0
517,9,9,8,7,9,9,9,8,9,9,NA,9,9,8,1,1,1,4,3,2,7,4,1
518,9,6,4,6,7,5,7,7,9,9,9,9,7,4,1,2,NA,2,5,2,4,1,0
519,7,4,5,5,8,7,5,8,9,NA,6,7,6,5,2,1,1,9,3,NA,NA,7,0
520,7,5,6,7,9,8,6,9,9,8,9,9,6,6,1,2,3,2,3,2,6,4,1
521,9,3,4,6,9,7,8,9,9,9,9,9,9,NA,1,NA,2,NA,1,2,6,8,0
522,8,9,9,8,NA,8,9,9,9,9,9,NA,9,NA,1,1,2,4,1,1,9,9,1
523,8,5,9,4,9,9,9,9,9,9,9,9,9,6,1,1,1,2,3,1,6,1,1
524,9,6,7,8,9,9,9,9,7,6,3,3,8,5,1,2,1,1,6,2,NA,7,1
525,4,8,8,6,4,6,NA,7,9,9,9,9,7,4,1,2,1,1,5,NA,2,4,0
526,9,4,6,8,5,6,6,NA,7,8,7,8,9,7,2,2,3,1,1,1,2,5,0
527,6,5,9,4,9,9,7,8,NA,7,6,6,NA,6,NA,2,2,6,6,1,1,3,1
528,8,7,6,7,9,9,7,9,7,8,6,8,9,NA,2,1,2,9,4,2,4,8,0
529,9,8,9,NA,7,7,8,6,9,8,7,9,NA,6,2,2,2,1,1,1,6,9,1
530,8,5,7,5,NA,6,5,5,7,9,8,7,NA,4,1,2,2,1,3,2,2,8,0
531,9,9,9,NA,5,7,6,5,8,9,8,NA,NA,8,1,2,2,4,3,2,4,7,1
532,8,6,6,6,6,9,6,NA,8,9,9,NA,6,5,2,2,1,6,2,2,3,6,0
533,7,7,7,8,9,NA,8,8,9,NA,9,9,9,NA,1,2,1,1,1,2,1,7,1
534,9,NA,8,8,9,8,8,8,7,6,5,NA,9,9,1,2,2,4,4,1,7,5,0
535,7,5,6,7,5,8,8,9,7,5,5,6,7,8,2,2,1,4,NA,2,5,3,0
536,9,NA,7,8,9,5,4,5,9,7,9,6,8,9,2,2,3,2,NA,NA,1,NA,1
537,9,6,8,6,9,9,9,9,7,9,9,9,9,NA,4,NA,2,4,1,1,3,12,1
538,9,5,5,4,9,9,8,9,9,7,9,8,9,9,1,2,3,1,1,1,6,2,1
539,9,5,6,6,NA,NA,6,8,9,9,9,NA,9,6,1,1,2,8,5,1,NA,8,1
540,9,9,5,7,NA,9,9,9,9,9,9,9,8,7,4,2,1,4,5,NA,5,12,1
541,9,8,9,9,9,9,NA,8,7,8,9,8,9,9,2,2,NA,4,1,2,6,6,1
542,6,NA,8,9,9,8,9,8,NA,9,9,9,NA,4,2,2,1,1,NA,2,5,2,0
543,9,7,9,9,9,9,8,9,9,6,7,NA,9,9,2,1,3,4,NA,2,6,13,1
544,9,NA,9,NA,7,6,8,7,9,9,9,9,9,7,2,2,1,4,1,1,1,5,1
545,9,7,6,9,5,6,5,6,9,8,9,9,9,NA,1,2,NA,2,3,1,1,5,0
546,9,9,9,NA,9,6,NA,9,8,7,NA,9,6,6,1,2,1,4,1,2,4,2,0
547,9,7,7,8,5,6,4,3,9,7,5,6,4,9,1,2,2,2,1,2,3,4,0
548,9,9,9,9,9,9,7,9,9,6,8,9,8,9,NA,2,2,2,1,2,3,5,1
549,7,6,NA,6,7,9,7,NA,8,9,8,9,9,7,NA,2,3,2,5,1,6,NA,0
550,9,9,8,9,9,6,9,9,7,8,9,4,NA,7,1,2,2,NA,1,2,6,2,1
551,8,5,5,6,6,7,7,9,9,9,9,9,9,NA,1,2,1,2,1,1,3,3,1
552,9,7,9,8,8,9,9,7,9,9,9,9,9,8,1,1,1,NA,3,2,1,3,1
553,9,7,9,5,4,6,3,NA,7,8,6,7,5,6,1,1,3,3,5,2,1,10,1
554,9,8,9,7,8,8,7,6,9,9,7,7,9,5,4,2,3,2,5,1,8,8,0
555,8,8,6,NA,9,9,9,9,9,8,9,9,9,9,NA,2,1,1,1,2,3,8,1
556,8,6,6,7,7,9,NA,9,9,9,9,9,9,7,1,2,2,5,NA,2,3,10,0
557,9,9,9,9,6,9,5,6,9,9,NA,9,7,9,2,2,3,NA,2,2,1,9,1
558,7,5,5,6,9,5,8,9,6,NA,NA,9,9,7,1,2,3,4,2,1,1,7,0
559,9,9,9,9,8,8,8,9,9,9,9,9,9,9,1,NA,3,2,1,NA,3,2,1
560,8,8,8,8,9,9,9,9,8,NA,9,9,9,8,1,NA,2,4,1,1,3,6,1
561,9,7,4,4,7,6,7,8,8,9,7,8,6,6,1,2,1,2,1,2,2,5,0
562,6,7,6,5,9,9,6,9,6,9,8,NA,7,9,1,2,3,4,NA,2,1,4,0
563,6,7,6,3,8,5,8,6,9,7,NA,7,9,4,2,2,3,2,1,2,5,9,0
564,9,7,9,NA,6,2,3,6,7,9,7,7,6,7,1,2,3,4,2,1,1,2,0
565,5,5,6,7,9,8,7,9,9,9,9,NA,NA,8,5,2,3,1,1,1,6,5,0
566,NA,9,8,6,7,7,7,8,7,9,9,9,8,4,NA,2,2,2,1,2,3,6,0
567,7,8,8,6,7,6,4,5,8,9,8,8,9,7,1,2,1,1,3,2,1,2,0
568,7,9,7,8,4,6,6,6,7,8,9,9,4,7,2,2,NA,9,6,NA,6,6,0
569,9,6,6,6,6,6,NA,9,8,9,NA,9,9,8,1,2,3,4,3,1,6,7,0
570,9,7,7,7,9,9,8,9,9,NA,9,9,8,8,1,2,2,2,3,2,NA,5,1
571,9,7,8,7,8,9,7,6,NA,7,7,7,7,7,1,1,3,2,1,1,6,2,0
572,8,6,4,NA,9,9,8,9,9,9,7,9,9,8,3,1,1,4,3,2,1,3,0
573,9,9,7,6,8,8,8,9,7,9,9,9,NA,8,1,2,1,3,1,2,6,6,1
574,7,NA,4,7,9,8,5,7,9,7,7,9,8,9,4,2,3,2,1,1,6,3,1
575,8,NA,6,6,NA,6,9,9,9,9,8,9,5,7,4,2,2,4,1,2,1,6,1
576,6,9,7,6,7,5,6,6,9,7,6,6,4,8,1,2,3,8,1,2,6,5,1
577,9,8,9,9,8,7,5,9,9,9,9,9,9,8,1,2,3,6,2,1,4,13,1
578,9,7,5,9,9,7,6,7,9,NA,8,6,9,7,2,2,2,6,2,2,4,4,1
579,9,4,6,7,9,8,5,8,8,8,5,6,8,8,4,2,2,9,1,1,6,4,0
580,8,3,8,8,6,8,6,8,NA,9,7,7,6,5,NA,2,1,9,1,1,6,7,0
581,7,6,5,NA,NA,9,8,9,9,9,9,9,9,8,1,1,1,NA,1,1,2,5,1
582,9,8,9,7,7,5,5,5,9,7,6,6,6,7,2,2,1,1,1,2,2,2,0
583,7,5,3,7,9,8,7,8,9,8,NA,9,8,5,1,2,2,1,3,2,6,2,0
584,9,9,7,9,7,5,5,7,7,8,9,9,9,6,4,2,3,6,1,2,5,4,1
585,9,8,9,7,7,6,7,8,9,9,9,NA,9,9,1,2,2,2,3,1,1,2,1
586,8,9,9,7,7,9,8,7,6,7,NA,6,9,7,1,2,3,6,NA,1,6,13,1
587,9,9,8,NA,6,9,8,8,9,8,7,9,7,9,1,NA,2,4,1,2,3,4,1
588,9,9,9,7,9,9,8,9,9,9,9,8,9,9,NA,2,1,4,1,1,8,NA,1
589,9,2,5,4,7,9,NA,9,9,9,9,9,9,8,2,2,3,1,1,NA,7,3,1
590,6,8,6,NA,9,6,8,9,9,9,8,9,9,7,4,2,2,2,1,2,2,9,1
591,8,9,8,9,7,6,6,8,NA,8,9,8,8,7,5,1,3,6,6,1,3,NA,0
592,NA,9,9,7,9,7,8,9,9,9,9,9,9,6,1,2,2,4,3,1,1,12,1
593,7,9,6,8,7,7,1,6,5,9,9,9,8,6,1,2,1,2,3,2,4,2,0
594,9,9,6,7,9,8,9,9,9,9,9,9,9,5,4,2,1,1,3,1,4,12,1
595,NA,8,8,3,7,9,6,8,9,9,9,9,9,NA,1,NA,1,4,1,NA,1,3,1
596,5,6,NA,5,9,9,7,9,8,8,8,9,7,3,NA,2,3,9,1,1,4,7,0
597,8,9,8,9,9,9,6,9,9,8,9,8,9,6,1,2,3,2,3,1,NA,7,1
598,9,6,9,5,7,8,6,7,9,8,NA,9,7,6,4,2,2,2,NA,1,1,9,1
599,9,9,5,6,9,8,8,9,9,9,9,9,9,9,2,2,2,6,3,2,3,2,0
600,9,8,4,6,7,6,9,9,8,8,9,8,8,8,4,2,1,2,1,1,8,5,1
601,9,8,9,7,7,8,5,7,9,8,9,9,9,7,1,2,3,4,3,NA,3,2,1
602,NA,9,9,9,9,8,9,8,9,8,9,8,9,9,1,2,2,1,NA,1,3,10,0
603,9,7,NA,8,NA,6,8,NA,NA,6,6,9,7,7,1,2,1,2,2,NA,1,7,1
604,9,6,7,3,9,9,9,NA,9,9,NA,9,9,8,4,2,3,3,2,1,1,5,1
605,7,7,5,7,7,9,6,8,5,7,6,7,6,4,1,2,1,1,3,1,NA,4,0
606,9,5,NA,8,9,7,5,9,9,9,NA,9,7,5,1,2,1,2,1,1,4,5,0
607,NA,6,6,5,8,9,7,8,9,9,NA,9,9,6,1,1,2,4,1,1,6,2,0
608,8,7,7,5,8,8,9,7,9,9,9,9,9,8,NA,1,1,NA,1,2,3,1,1
609,NA,9,9,6,9,7,NA,9,9,7,7,9,9,9,1,2,1,4,6,2,5,13,1
610,8,9,7,7,9,7,6,7,9,9,9,9,8,NA,1,2,3,2,1,2,4,13,1
611,9,9,9,9,9,9,9,9,9,9,8,9,9,9,2,2,2,2,NA,1,4,1,1
612,9,9,NA,6,8,9,7,8,9,9,9,8,7,7,1,2,2,1,6,2,4,4,1
613,9,7,5,7,9,9,7,9,9,9,9,9,9,7,1,2,3,6,NA,2,5,3,1
614,9,8,7,NA,9,9,9,NA,9,7,9,9,9,NA,1,2,1,4,2,1,6,9,1
615,8,8,7,9,9,9,9,9,9,6,NA,NA,9,8,1,2,1,3,6,1,8,13,1
616,8,7,5,7,NA,9,7,8,9,9,9,NA,9,7,2,1,2,NA,3,2,1,9,0
617,9,9,NA,7,9,9,8,9,9,9,9,9,9,9,2,NA,3,7,1,1,4,2,1
618,6,8,4,5,NA,4,5,7,NA,7,5,3,3,6,3,2,2,2,5,1,6,10,0
619,9,9,8,9,9,8,9,9,9,9,9,9,9,9,2,NA,1,2,3,1,1,5,1
620,7,4,NA,5,NA,8,7,9,9,NA,9,9,9,7,1,1,2,3,1,1,3,8,1
621,9,9,5,3,6,5,5,9,7,5,5,3,5,6,1,2,NA,3,3,2,NA,4,0
622,9,8,8,9,7,8,7,NA,8,9,9,8,9,8,1,2,2,1,3,2,4,5,1
623,NA,NA,7,7,9,7,9,9,9,9,9,8,9,9,1,2,1,9,3,1,3,4,1
624,9,5,8,5,9,8,5,9,8,6,8,6,8,9,1,1,2,6,5,1,3,3,1
625,9,9,9,9,8,8,8,7,6,7,5,7,8,9,1,2,3,1,1,NA,6,2,1
626,9,8,6,7,8,NA,8,NA,NA,9,9,9,8,7,2,2,1,9,3,1,3,13,1
627,8,6,6,5,6,8,8,9,NA,7,6,NA,6,5,1,2,1,6,1,1,7,7,0
628,9,9,NA,9,9,9,8,9,9,NA,9,9,9,9,1,2,1,2,3,2,2,NA,1
629,9,9,6,7,9,8,7,9,9,9,8,9,7,8,1,NA,3,2,1,1,2,NA,1
630,9,9,9,7,9,7,4,9,8,7,9,7,9,9,1,2,1,3,1,NA,4,NA,1
631,9,7,8,5,NA,5,6,8,9,9,9,9,9,5,1,2,1,2,3,1,4,1,1
632,9,9,9,9,7,7,8,7,9,9,9,9,9,7,1,1,3,4,4,1,2,8,1
633,5,6,3,NA,9,9,8,5,7,9,NA,9,9,7,1,2,1,2,3,1,6,1,0
634,8,7,6,7,NA,9,5,9,7,6,7,6,5,9,NA,1,3,2,1,1,6,9,0
635,9,9,9,9,9,8,9,7,9,9,9,9,9,8,2,2,2,2,3,1,6,8,1
636,9,NA,9,9,9,9,9,9,9,NA,9,NA,9,8,2,2,2,1,1,2,4,2,1
637,9,8,6,NA,9,6,NA,9,9,9,7,9,6,6,1,2,2,1,1,1,5,4,0
638,4,6,4,6,6,5,6,4,9,NA,NA,9,8,5,1,2,3,6,1,2,NA,12,0
639,9,9,9,8,9,4,9,9,8,7,7,8,7,NA,NA,1,NA,2,1,2,6,6,0
640,7,7,5,9,9,8,8,NA,NA,9,8,9,8,8,2,2,2,2,4,1,NA,6,1
641,8,8,6,9,9,9,9,8,8,8,7,9,9,9,4,2,1,NA,6,1,1,5,1
642,9,NA,9,9,9,5,7,9,7,8,9,7,5,8,2,2,1,1,5,1,5,3,1
643,9,9,9,6,9,7,5,NA,9,9,9,9,8,8,1,2,1,5,1,2,6,10,1
644,NA,9,9,8,9,9,NA,8,9,9,9,9,9,9,NA,NA,1,6,1,1,4,8,1
645,7,8,7,7,6,8,3,6,NA,7,8,7,7,2,2,2,1,3,3,1,7,4,0
646,9,5,6,4,9,9,5,8,9,9,9,NA,9,8,1,2,2,1,1,2,2,10,1
647,9,6,5,7,7,6,NA,6,9,9,NA,9,6,6,1,1,NA,NA,1,1,6,NA,0
648,9,8,9,8,NA,9,7,9,9,9,9,NA,9,7,5,NA,3,2,3,2,5,2,1
649,7,7,8,8,8,6,6,9,9,9,8,9,7,7,1,NA,1,1,1,2,6,7,1
650,9,9,9,7,9,9,8,9,9,9,9,9,9,8,1,2,1,6,1,2,7,10,1
651,NA,5,2,6,9,4,6,9,8,9,9,7,5,NA,2,NA,1,1,3,1,1,4,0
652,8,9,3,5,5,NA,4,NA,9,6,9,8,9,6,1,2,1,1,1,1,2,2,0
653,9,7,5,9,9,5,7,6,9,9,8,9,8,7,2,2,1,3,1,1,2,2,1
654,9,9,NA,6,9,8,4,8,9,9,9,9,9,7,1,NA,2,2,2,1,3,1,1
655,9,8,8,9,NA,6,5,7,9,6,9,7,7,6,1,2,2,4,3,1,7,6,1
656,8,9,5,5,6,7,9,9,9,9,9,9,8,8,2,2,2,2,3,2,3,4,1
657,7,7,3,3,8,7,7,NA,9,9,9,9,9,6,1,2,3,2,1,2,4,3,0
658,9,6,6,6,7,7,9,9,9,8,7,6,9,8,1,2,1,2,1,1,3,2,1
659,9,4,2,7,9,9,9,9,9,9,9,9,9,9,1,1,NA,3,2,NA,7,3,0
660,NA,4,4,6,NA,9,8,7,6,NA,6,2,3,5,1,2,NA,1,1,1,4,3,0
661,9,8,8,9,8,NA,5,7,6,7,8,7,8,7,1,2,3,NA,3,2,4,3,1
662,9,7,5,7,9,6,6,9,8,8,7,9,8,7,1,NA,2,1,1,NA,8,6,0
663,7,6,6,9,8,7,8,NA,9,9,9,9,7,9,2,2,3,1,1,2,4,8,0
664,9,8,6,6,9,9,6,9,8,9,9,8,9,9,5,2,NA,6,1,2,6,6,1
665,9,3,7,8,7,9,8,8,9,NA,8,9,8,8,1,2,1,4,3,2,5,6,1
666,9,7,9,5,8,8,4,7,8,7,8,8,7,6,1,2,1,2,5,2,2,4,0
667,8,8,9,4,7,7,6,9,NA,8,7,8,6,7,1,2,1,6,1,NA,7,6,0
668,5,9,7,8,NA,9,9,8,9,7,8,8,9,9,4,NA,1,2,NA,1,5,2,1
669,9,5,5,5,3,NA,2,3,6,6,9,5,3,4,1,2,1,4,1,2,6,7,0
670,9,9,9,8,9,9,9,9,7,8,9,6,8,NA,1,2,2,5,1,1,7,3,1
671,7,9,8,6,9,8,8,8,7,9,8,9,9,7,1,2,1,6,NA,1,6,9,1
672,9,6,9,8,9,9,7,9,8,9,6,9,9,9,1,1,2,1,3,2,7,4,1
673,NA,7,7,5,9,9,8,9,NA,NA,8,9,9,9,1,2,3,4,1,1,6,4,1
674,6,7,7,7,NA,7,7,7,8,9,8,8,8,5,2,NA,1,2,3,1,1,3,1
675,6,7,6,5,5,NA,6,9,7,8,6,7,NA,4,1,2,2,1,2,2,1,5,0
676,8,6,5,7,7,7,7,9,9,9,9,9,8,6,2,2,3,2,2,NA,6,8,1
677,9,8,7,8,9,9,8,9,9,9,8,9,9,9,2,2,3,4,1,2,4,10,1
678,7,NA,5,7,9,7,NA,9,9,9,8,9,9,9,1,2,NA,4,1,1,7,NA,1
679,NA,8,9,5,8,8,8,8,7,9,NA,9,9,7,1,2,NA,4,2,2,5,9,1
680,9,NA,7,6,8,7,8,8,6,8,7,8,9,6,1,2,3,4,1,1,6,11,1
681,7,5,7,8,6,5,4,9,9,8,8,9,9,5,2,2,NA,NA,1,1,6,1,0
682,9,7,6,5,9,7,6,5,NA,9,9,9,8,4,1,2,2,4,1,1,7,2,0
683,9,5,4,8,9,NA,8,9,9,6,8,7,9,7,2,2,1,2,1,1,8,NA,0
684,9,NA,NA,9,9,9,9,9,9,9,9,9,9,6,1,2,1,2,3,NA,6,3,1
685,9,NA,8,6,9,9,9,9,9,9,9,9,NA,5,2,2,2,4,6,1,6,NA,0
686,9,NA,NA,5,8,7,8,8,9,9,9,9,8,7,1,1,1,4,6,NA,5,10,0
687,9,6,9,7,9,7,7,9,9,8,9,9,NA,7,2,2,3,2,3,1,1,2,1
688,9,7,9,5,9,8,8,9,9,9,9,9,9,9,1,2,2,1,1,1,4,6,1
689,9,9,6,8,9,6,9,9,9,9,9,9,9,9,1,1,1,2,1,1,4,2,1
690,9,9,9,9,5,5,5,6,9,8,8,9,7,6,1,2,3,2,6,1,3,1,0
691,9,9,7,6,8,8,7,5,8,9,9,9,NA,6,NA,2,2,6,1,NA,2,NA,1
692,9,9,9,6,8,9,9,NA,NA,9,6,5,NA,9,1,2,3,NA,2,2,5,1,1
693,9,9,9,9,6,9,8,7,7,9,8,8,9,9,NA,2,3,2,6,2,5,4,1
694,9,4,7,6,7,9,7,8,9,8,7,7,NA,9,1,2,1,4,3,2,7,8,1
695,8,8,7,NA,NA,NA,7,NA,NA,9,9,9,9,NA,5,2,3,5,1,1,3,6,0
696,7,9,8,5,9,8,4,8,9,8,9,8,9,8,4,2,2,3,NA,1,1,6,1
697,9,6,NA,5,9,7,9,9,7,7,7,NA,5,7,3,2,1,4,1,2,1,5,1
698,9,8,8,6,9,9,9,9,9,9,9,9,9,8,1,NA,2,1,2,1,4,4,1
699,8,NA,8,7,9,9,8,NA,9,7,8,7,7,9,2,NA,2,5,3,1,8,11,1
700,9,9,7,NA,8,NA,7,NA,9,7,9,8,6,5,2,2,1,2,4,2,2,5,1
701,NA,9,9,8,9,7,8,9,5,9,9,9,9,9,2,2,3,2,1,1,8,9,1
702,5,5,NA,4,8,5,NA,7,9,9,9,9,9,3,1,1,1,5,1,1,6,7,0
703,9,7,8,9,9,9,7,9,9,9,NA,9,6,9,1,2,1,2,3,1,4,5,1
704,9,NA,7,9,8,6,8,9,9,8,9,9,9,9,NA,NA,1,6,1,1,3,1,1
705,9,NA,8,7,NA,NA,7,9,9,9,9,9,9,9,1,2,2,2,6,1,7,6,1
706,8,6,8,5,7,5,NA,6,9,8,NA,9,9,7,1,2,1,NA,1,2,5,8,1
707,9,9,9,6,8,6,6,NA,9,9,9,9,9,8,1,2,1,2,5,2,6,6,1
708,8,5,7,7,8,5,6,NA,9,9,9,6,4,5,2,2,3,6,1,2,NA,3,0
709,9,8,6,4,9,9,9,8,NA,9,9,9,8,7,1,2,2,NA,2,2,2,4,1
710,8,7,8,5,8,6,5,8,6,8,8,6,7,3,2,2,3,4,NA,1,1,7,0
711,9,6,7,6,8,8,9,7,6,NA,9,8,8,5,1,1,2,2,1,2,3,6,0
712,9,NA,NA,5,9,8,7,6,9,9,NA,7,6,9,1,2,3,6,2,2,1,2,1
713,9,NA,8,6,8,6,7,7,8,8,8,9,8,4,1,2,2,4,NA,1,5,7,0
714,8,9,6,7,9,7,8,6,9,9,9,9,9,8,1,2,1,NA,3,NA,4,2,0
715,7,4,6,6,4,NA,6,7,8,5,8,7,6,4,1,2,3,4,3,2,5,4,0
716,9,6,7,7,9,9,9,9,9,9,9,8,9,8,1,2,1,2,1,1,7,7,1
717,9,6,9,7,7,9,6,8,9,9,9,9,8,9,1,2,1,6,3,2,3,5,1
718,NA,6,6,4,8,8,4,4,NA,9,NA,NA,9,NA,2,1,3,3,3,NA,3,4,0
719,NA,9,7,NA,8,9,8,9,9,9,NA,9,9,8,1,NA,2,1,5,2,4,5,1
720,9,7,6,6,9,9,7,9,9,9,9,9,8,7,2,NA,3,9,6,1,2,4,1
721,6,6,7,NA,8,4,6,7,7,7,5,3,7,6,NA,2,2,1,1,1,7,2,0
722,9,9,7,4,9,9,7,9,8,8,8,9,9,9,1,NA,3,9,1,1,6,8,1
723,9,9,8,7,9,NA,9,9,9,9,9,9,9,9,NA,1,2,2,2,2,3,10,1
724,7,5,5,8,2,4,2,4,8,5,8,7,7,1,1,2,1,NA,1,2,5,4,0
725,NA,8,6,6,4,NA,6,6,8,8,8,NA,5,7,1,2,3,4,NA,2,5,2,1
726,9,8,7,7,9,8,8,8,7,9,8,9,9,NA,1,2,1,NA,1,NA,7,12,1
727,9,8,9,9,9,7,8,9,8,7,7,7,9,NA,1,2,1,1,1,2,6,1,1
728,9,8,7,7,NA,4,5,6,7,5,6,8,8,7,NA,2,2,5,1,NA,5,1,1
729,8,5,6,7,5,7,8,8,7,9,7,8,7,6,1,2,2,4,1,2,NA,3,0
730,9,7,6,7,9,8,7,8,NA,9,9,9,9,6,2,1,1,2,2,2,4,3,0
731,6,6,4,6,9,9,9,9,8,9,9,9,9,7,4,NA,NA,6,3,2,4,7,0
732,9,NA,NA,5,9,6,6,8,9,9,NA,9,9,7,1,2,2,2,1,1,5,2,0
733,9,8,9,8,5,2,9,9,9,8,9,9,9,8,1,NA,1,3,1,2,6,11,0
734,9,8,9,8,9,9,8,9,6,5,8,7,4,9,NA,2,1,2,6,NA,4,4,1
735,8,6,5,NA,8,8,8,9,9,9,9,9,9,6,2,2,1,1,1,2,1,3,0
736,9,9,9,9,9,6,8,5,7,9,9,8,7,9,2,2,1,NA,1,1,1,6,1
737,9,8,6,6,8,5,3,7,9,9,6,8,7,5,1,1,2,7,1,2,2,7,0
738,9,5,7,8,9,NA,9,9,9,7,5,7,9,6,2,2,NA,NA,1,1,6,3,0
739,9,NA,NA,9,9,7,9,NA,NA,9,9,9,NA,9,4,2,1,6,1,NA,8,9,1
740,9,6,NA,8,9,9,9,9,8,9,9,9,9,9,1,2,3,3,2,2,3,2,1
741,9,8,6,5,9,6,9,9,9,8,9,9,9,8,1,2,2,6,1,1,7,3,1
742,8,5,5,5,6,4,6,6,9,8,9,5,6,8,1,1,1,2,3,NA,6,10,0
743,8,NA,7,6,NA,6,6,8,8,6,5,5,NA,9,2,2,3,6,5,1,6,9,1
744,9,9,8,7,9,NA,9,9,9,9,9,9,9,9,NA,2,NA,4,2,2,5,3,1
745,9,9,9,9,9,9,7,7,8,8,9,NA,9,8,1,1,2,4,1,NA,NA,3,1
746,8,3,3,7,8,6,5,NA,9,8,7,8,8,5,4,2,2,2,3,2,5,2,0
747,9,7,9,8,9,9,9,9,9,9,9,NA,9,9,1,2,1,1,1,2,7,2,1
748,4,NA,8,5,8,8,8,9,9,9,7,6,7,6,1,1,3,NA,6,2,1,6,1
749,9,5,8,4,7,7,7,9,NA,7,9,9,7,8,1,2,1,1,3,1,3,3,1
750,NA,3,4,5,9,8,7,5,9,9,9,9,NA,4,1,2,2,2,NA,NA,7,2,0
751,9,6,6,6,7,7,6,9,7,8,7,8,7,9,2,2,2,4,3,2,2,3,1
752,9,9,9,9,NA,NA,6,9,9,9,9,9,9,9,NA,1,2,NA,2,1,1,6,0
753,NA,8,9,6,9,9,9,9,9,9,8,NA,NA,8,1,2,3,4,1,1,6,4,0
754,9,9,8,9,9,9,9,9,7,6,8,9,9,NA,2,2,3,2,3,2,6,4,1
755,9,9,4,5,7,5,NA,8,9,9,8,9,8,7,1,2,1,2,NA,NA,2,12,0
756,8,NA,6,3,5,7,5,6,NA,9,8,8,9,5,1,2,2,4,1,2,4,2,0
757,NA,9,7,4,9,9,7,9,9,9,8,9,5,9,1,2,2,6,1,1,1,3,1
758,9,9,9,9,9,8,9,8,9,9,9,9,8,3,1,1,2,2,2,1,NA,2,1
759,9,6,4,5,8,9,7,6,9,7,9,7,9,9,1,2,2,1,1,1,5,9,0
760,9,8,NA,9,6,6,9,6,9,7,9,8,9,6,5,1,1,2,6,2,1,12,1
761,7,7,7,NA,9,7,5,9,9,9,9,9,NA,4,NA,NA,1,2,3,2,3,3,0
762,8,9,7,NA,NA,7,8,9,8,8,8,NA,7,6,2,2,2,4,1,1,3,13,1
763,7,6,NA,8,9,8,7,9,9,9,9,8,6,4,1,1,NA,NA,3,1,NA,3,0
764,8,8,9,3,7,8,7,9,9,8,7,8,9,9,4,2,2,6,1,1,5,6,1
765,9,9,9,7,9,9,9,9,9,9,9,NA,9,9,1,2,2,2,1,2,2,7,1
766,9,4,5,6,7,9,6,9,6,7,6,5,6,8,1,2,2,6,2,1,2,6,0
767,7,6,8,5,8,8,7,8,8,9,8,NA,5,8,2,2,3,2,1,2,3,NA,1
768,9,9,9,8,NA,4,7,9,9,NA,8,9,8,7,2,2,3,6,3,2,3,10,0
769,8,7,7,4,5,8,6,7,9,9,9,NA,7,7,2,2,2,2,1,2,7,5,0
770,7,7,9,NA,9,9,7,6,7,9,9,8,9,9,NA,1,3,6,NA,1,5,4,1
771,9,9,9,9,9,9,6,7,9,9,6,9,8,9,1,2,3,2,3,2,6,11,1
772,9,8,7,6,9,9,NA,9,9,9,9,9,NA,9,1,2,NA,1,1,2,1,4,1
773,NA,4,6,8,NA,4,NA,9,9,9,8,7,5,7,1,2,NA,6,2,2,4,1,1
774,NA,9,5,9,7,6,9,9,NA,9,9,9,9,NA,1,2,1,2,2,NA,6,3,1
775,9,7,6,6,7,9,6,9,8,8,7,9,7,8,4,2,1,2,1,2,7,12,0
776,5,5,4,5,9,4,7,9,9,9,8,9,8,7,1,2,3,4,3,2,5,6,0
777,9,8,NA,7,9,9,6,8,9,7,9,9,7,6,2,2,3,4,1,2,6,NA,0
778,8,6,5,6,8,9,7,7,7,9,9,8,NA,7,NA,2,3,2,3,1,6,1,1
779,6,6,5,2,7,6,6,9,8,9,NA,7,8,3,2,2,NA,4,1,1,4,8,0
780,9,4,9,8,9,8,6,6,9,8,7,NA,7,8,1,2,1,3,5,2,3,3,1
781,4,4,4,4,9,7,8,7,9,9,9,9,8,5,1,2,NA,2,1,2,6,4,0
782,9,6,8,8,9,9,7,9,8,8,9,9,7,6,1,2,1,6,6,2,7,1,1
783,8,4,1,6,NA,7,NA,NA,9,9,9,8,8,6,1,2,3,2,3,2,4,7,1
784,9,9,7,9,7,5,8,7,8,9,9,9,7,8,1,2,2,1,3,1,3,NA,0
785,9,9,9,NA,8,8,9,9,9,9,9,9,9,5,2,1,3,9,6,1,3,7,0
786,8,5,7,6,9,8,6,9,9,NA,8,9,9,6,1,2,2,4,1,2,3,5,0
787,7,7,8,8,9,8,6,7,NA,9,9,6,NA,6,1,2,NA,6,1,2,2,8,1
788,9,9,9,9,9,6,9,8,9,9,7,8,9,9,1,NA,1,6,1,1,1,12,1
789,8,8,NA,9,9,8,4,7,9,9,9,9,9,8,5,1,1,1,1,2,5,5,1
790,7,5,7,5,9,8,NA,9,8,9,9,8,8,6,NA,NA,2,2,1,NA,1,7,0
791,8,8,8,NA,NA,8,8,8,9,9,9,9,9,5,4,1,1,4,6,1,6,13,1
792,9,9,9,8,9,9,5,8,7,4,8,6,8,8,1,2,1,2,1,2,5,11,0
793,9,5,7,5,9,9,9,NA,9,9,9,9,7,6,1,1,2,2,1,2,6,2,0
794,9,6,6,4,9,6,9,9,9,9,9,9,9,4,4,2,2,6,NA,2,7,7,1
795,NA,8,9,9,7,9,8,9,9,9,9,9,9,4,4,2,2,4,1,2,1,3,0
796,9,6,5,5,9,8,8,9,8,9,9,9,5,8,1,2,1,6,1,1,7,1,1
797,9,9,7,8,9,NA,NA,9,9,9,9,9,9,9,1,2,1,NA,6,2,3,8,1
798,8,NA,5,8,8,NA,9,9,8,6,9,9,8,8,NA,2,3,1,3,2,2,NA,1
799,9,9,6,8,9,NA,7,7,NA,9,NA,9,8,9,1,2,2,5,NA,1,5,NA,1
800,9,7,9,6,9,9,5,8,8,9,6,9,9,8,NA,2,3,2,5,2,3,NA,0
801,NA,8,6,7,7,NA,8,9,9,9,9,9,9,NA,1,NA,3,6,1,2,2,5,1
802,8,7,6,9,9,9,NA,NA,7,7,6,6,8,7,NA,1,3,6,1,2,6,4,1
803,5,2,2,2,8,6,7,7,9,9,7,8,5,3,1,1,2,4,1,2,1,13,0
804,9,6,8,6,6,7,5,6,9,7,8,6,7,NA,2,2,1,6,1,2,3,8,0
805,7,7,7,7,4,4,5,4,9,8,7,8,5,4,1,2,2,4,3,1,6,2,0
806,8,6,9,5,7,7,6,9,9,9,9,8,9,8,1,2,2,4,1,1,5,5,1
807,9,9,8,7,NA,9,8,9,9,9,NA,9,7,9,1,2,2,6,1,2,NA,1,1
808,9,7,7,9,8,6,7,8,9,9,9,8,7,6,1,2,2,1,1,2,3,2,1
809,9,9,6,NA,NA,7,9,7,9,9,NA,8,8,7,1,2,1,NA,1,2,1,2,1
810,9,8,6,8,9,9,5,9,9,9,9,NA,9,9,1,2,1,2,3,2,7,5,1
811,7,5,5,3,8,8,9,9,9,9,8,9,8,NA,1,2,2,6,NA,1,1,3,0
812,9,6,8,7,9,8,6,NA,9,7,7,7,9,9,4,2,2,6,3,2,6,9,1
813,NA,8,7,9,9,8,8,7,9,9,9,9,9,7,1,NA,NA,4,1,2,7,NA,1
814,9,9,7,8,9,9,9,9,9,9,9,9,8,9,1,2,2,1,4,1,6,10,1
815,NA,8,7,7,9,9,8,8,9,9,9,9,9,9,NA,1,1,2,3,1,3,4,1
816,9,9,8,7,9,9,9,9,9,9,9,8,9,9,1,1,1,6,NA,2,NA,3,1
817,NA,6,8,7,9,NA,9,6,9,NA,NA,8,7,9,1,2,3,4,2,1,1,2,1
818,9,5,NA,7,8,9,9,9,9,9,9,8,8,7,1,1,1,1,NA,2,3,4,1
819,9,7,9,7,8,9,9,9,9,8,9,9,9,8,NA,2,1,1,4,2,3,2,1
820,9,9,8,4,9,9,NA,7,9,8,8,9,8,7,1,2,1,2,3,1,6,6,1
821,7,7,6,9,9,9,9,8,9,7,9,7,9,9,1,2,1,4,2,1,1,6,1
822,9,5,5,5,5,NA,NA,NA,7,8,7,7,9,7,1,2,3,NA,1,2,1,6,1
823,9,9,8,8,4,2,8,9,8,9,9,9,7,6,2,2,NA,2,1,2,3,3,1
824,9,NA,8,9,7,6,4,6,9,9,9,9,7,5,1,1,1,2,3,2,6,7,1
825,8,9,NA,6,7,7,7,8,9,7,NA,8,8,7,1,2,3,2,6,1,3,4,1
826,NA,8,6,6,9,8,8,9,NA,9,9,9,9,6,1,2,2,6,3,1,1,10,1
827,9,9,9,9,NA,6,8,6,NA,9,8,9,9,NA,2,NA,3,4,1,1,NA,7,1
828,NA,9,6,6,NA,4,2,6,9,9,9,9,7,4,1,2,2,6,NA,1,4,3,0
829,8,9,8,7,9,9,9,8,9,9,9,9,8,9,1,2,1,2,3,1,5,3,1
830,8,6,8,8,7,7,6,8,8,7,8,8,6,8,1,1,3,2,NA,2,7,5,1
831,9,9,9,5,4,3,1,3,6,4,4,4,8,9,5,2,1,6,3,2,5,4,0
832,9,8,8,8,9,9,7,9,9,NA,9,9,8,9,5,2,3,3,1,2,5,NA,1
833,9,9,6,5,8,7,7,NA,9,9,9,NA,9,7,1,1,1,4,1,1,8,8,1
834,9,9,8,8,9,9,6,6,7,9,8,9,9,8,1,2,2,5,1,1,7,6,1
835,NA,4,7,4,9,8,6,9,9,9,9,9,7,7,1,2,3,6,NA,NA,1,1,1
836,NA,7,5,9,6,NA,7,5,9,9,9,NA,8,8,5,2,1,2,1,1,1,3,0
837,8,9,5,6,9,9,8,9,8,6,8,8,8,7,1,2,2,4,NA,2,6,7,1
838,7,7,NA,7,7,9,9,9,9,9,9,9,9,8,2,2,3,2,1,1,NA,6,1
839,9,6,9,9,9,6,7,3,NA,7,9,8,7,7,2,NA,3,2,2,2,7,NA,1
840,9,4,5,NA,9,8,6,9,8,NA,6,5,NA,4,2,NA,1,1,5,NA,3,9,0
841,6,6,4,5,6,8,5,9,8,NA,6,5,6,5,4,2,2,1,1,2,1,4,0
842,9,8,4,6,9,9,7,NA,5,NA,6,8,5,6,1,2,2,NA,1,2,4,4,0
843,9,8,6,8,4,6,5,5,9,8,7,9,7,7,1,2,2,1,3,1,4,2,0
844,9,7,9,9,9,6,5,7,NA,5,7,8,6,6,1,2,2,3,3,NA,6,8,0
845,8,8,8,8,NA,5,7,7,9,9,8,9,8,9,1,2,2,2,6,2,8,NA,0
846,NA,NA,9,6,9,9,9,9,8,9,9,9,9,6,1,2,3,3,3,1,NA,5,0
847,8,7,9,9,9,9,9,9,9,9,9,9,9,9,4,2,3,2,2,1,2,3,0
848,8,7,7,8,9,9,8,8,8,NA,7,7,9,9,1,1,1,4,3,2,4,2,1
849,9,9,9,9,9,9,9,9,9,9,9,9,9,9,5,1,2,7,4,1,1,2,1
850,8,6,8,NA,7,8,7,9,9,9,6,8,9,NA,1,2,3,6,1,2,5,11,1
851,9,6,7,5,NA,6,5,6,9,4,6,8,9,9,1,1,3,2,3,2,5,9,0
852,9,NA,9,9,7,9,8,NA,9,9,9,9,9,9,1,1,1,NA,1,2,2,10,1
853,8,5,9,9,7,8,6,9,9,9,9,9,9,9,1,2,2,1,2,1,1,12,0
854,9,9,9,6,9,9,9,8,9,8,9,8,NA,9,2,1,2,6,1,1,7,5,1
855,7,8,8,6,7,9,6,9,7,9,9,8,8,8,1,2,1,4,NA,1,6,7,0
856,8,7,9,NA,9,9,8,7,9,9,NA,9,9,9,NA,1,3,4,5,1,NA,2,0
857,7,5,2,3,9,9,9,9,9,9,9,9,6,7,NA,2,3,2,1,2,8,4,0
858,8,4,3,5,6,6,1,6,8,7,7,6,9,4,1,2,1,4,3,2,1,2,1
859,8,6,8,4,5,4,5,7,9,9,9,9,9,2,NA,2,NA,1,NA,1,6,7,0
860,6,NA,2,3,5,NA,6,5,7,7,5,NA,7,4,4,2,1,6,2,1,8,12,0
861,9,6,6,5,9,9,6,5,9,9,9,9,9,NA,2,2,NA,3,2,2,6,5,0
862,7,5,7,6,6,7,4,6,9,8,9,7,6,8,1,2,3,2,1,1,3,3,1
863,NA,8,5,9,7,5,9,7,9,9,9,9,9,7,1,2,1,2,2,2,7,NA,1
864,5,7,4,3,7,8,8,5,5,6,9,8,5,5,1,NA,2,2,3,1,NA,8,0
865,9,9,7,9,9,9,5,9,9,9,9,9,9,9,1,1,1,4,1,1,1,NA,1
866,9,5,8,9,NA,8,9,9,9,9,9,9,9,9,4,2,1,3,3,1,3,12,0
867,8,8,6,NA,9,5,7,8,7,8,9,9,NA,8,4,2,2,6,6,1,1,NA,1
868,9,7,5,5,9,9,7,9,NA,9,9,9,9,6,1,2,3,1,1,2,5,5,0
869,9,5,8,7,4,4,5,8,9,9,6,6,9,8,5,2,1,4,1,NA,4,1,0
870,9,9,7,NA,6,8,5,6,7,9,9,9,7,NA,2,2,3,6,5,1,6,2,0
871,9,7,6,5,8,9,7,9,NA,8,8,7,8,8,2,2,2,1,1,1,7,3,1
872,NA,6,6,4,7,NA,7,9,9,8,8,8,9,9,2,2,1,2,3,NA,7,6,1
873,9,8,NA,7,9,6,9,NA,9,7,9,NA,9,9,4,2,2,1,3,2,1,5,1
874,8,7,6,4,9,8,8,7,9,9,8,9,9,5,1,2,2,4,NA,1,1,3,0
875,9,8,8,5,9,9,8,9,8,8,7,8,8,5,5,1,3,3,6,2,NA,6,0
876,9,NA,9,8,8,5,9,9,8,9,9,9,6,9,2,2,3,1,4,1,1,12,1
877,8,7,8,5,9,9,8,9,9,7,9,7,7,8,4,NA,2,6,2,1,5,13,1
878,9,9,5,9,9,8,9,9,9,9,9,9,6,5,1,2,2,2,1,1,3,9,1
879,9,9,5,6,9,9,9,8,7,6,NA,7,9,7,2,2,2,4,2,2,3,2,1
880,NA,9,9,9,7,7,6,7,7,NA,8,9,9,5,4,2,2,2,1,1,6,8,0
881,9,9,NA,9,7,6,6,9,6,7,4,5,8,NA,1,2,1,NA,1,1,3,2,1
882,NA,8,7,NA,9,9,7,9,9,9,7,6,6,7,2,2,2,1,1,NA,5,2,0
883,9,9,9,6,9,9,8,9,9,9,9,9,9,9,NA,2,3,1,NA,1,2,5,1
884,7,4,3,5,7,6,8,7,7,6,NA,8,7,3,1,NA,1,3,1,1,5,5,0
885,9,9,NA,NA,9,9,9,9,9,9,9,9,9,9,2,2,3,9,NA,NA,8,5,1
886,9,9,7,7,9,6,7,9,9,9,9,9,9,8,NA,NA,3,2,3,NA,5,3,1
887,9,9,9,9,8,8,6,9,8,9,7,9,8,9,1,NA,3,6,3,2,1,11,1
888,8,7,NA,9,9,9,8,9,8,9,9,7,8,9,1,2,NA,4,3,2,6,5,1
889,9,6,8,8,9,7,8,5,8,5,5,6,8,NA,NA,2,1,4,3,2,6,2,0
890,9,9,9,9,7,8,9,9,8,9,9,9,NA,7,1,2,NA,2,5,2,5,6,1
891,7,4,5,3,9,8,7,7,9,9,9,9,NA,6,1,2,1,1,5,1,NA,4,0
892,9,7,9,8,NA,7,4,9,9,7,6,5,7,8,1,1,1,6,4,2,7,2,0
893,7,9,7,9,9,9,6,NA,9,9,9,9,9,8,NA,1,1,2,NA,2,7,1,1
894,8,8,7,8,2,3,5,5,8,8,9,NA,9,8,1,2,2,2,4,2,4,6,0
895,8,9,7,6,NA,8,9,9,9,7,6,9,8,9,2,2,2,6,3,1,3,NA,1
896,NA,7,9,6,7,NA,8,7,7,9,9,9,9,7,1,1,2,3,3,NA,1,6,1
897,9,5,7,6,9,7,8,9,9,9,9,9,8,7,4,2,1,3,3,1,6,3,1
898,3,NA,1,4,8,NA,9,7,8,9,6,5,4,8,1,2,2,1,1,2,6,2,0
899,9,8,8,9,9,9,9,9,8,7,NA,9,9,8,1,2,3,6,1,1,3,5,1
900,8,8,NA,7,8,9,9,9,9,9,9,NA,9,9,NA,NA,2,2,3,2,7,3,1
901,9,8,7,6,9,9,9,9,9,9,NA,9,9,9,1,2,3,2,1,2,6,1,1
902,NA,9,9,9,9,8,7,7,9,9,9,9,9,9,NA,2,2,2,1,1,4,3,1
903,9,6,9,9,9,7,7,9,8,8,9,9,7,7,2,1,1,6,3,2,3,8,0
904,9,8,NA,7,9,9,8,5,9,9,9,9,9,9,4,1,2,2,1,2,7,3,1
905,9,8,9,8,8,9,NA,9,9,9,9,NA,7,8,1,2,1,6,2,1,4,3,1
906,9,6,7,7,9,9,9,9,9,9,9,9,9,9,1,2,2,6,1,2,3,6,1
907,9,7,9,8,9,8,8,8,9,9,9,7,9,8,1,2,1,2,3,NA,1,4,1
908,9,9,9,8,8,9,5,9,NA,NA,9,9,9,9,1,2,1,3,1,2,7,3,1
909,9,7,9,7,9,9,8,9,8,8,9,9,9,NA,4,2,3,4,5,2,1,11,1
910,9,7,9,8,7,NA,8,9,9,9,9,9,9,5,1,2,2,1,6,1,7,3,0
911,9,8,8,7,9,9,6,8,9,NA,9,8,9,8,2,2,2,2,6,1,6,2,1
912,9,7,9,7,7,8,9,4,9,9,8,9,7,5,2,2,3,4,1,2,6,5,0
913,8,6,NA,5,6,8,5,8,6,9,9,9,8,5,1,2,2,5,1,2,1,NA,0
914,9,9,9,7,9,9,9,7,9,9,8,9,9,9,2,2,1,2,1,2,3,6,1
915,9,7,4,NA,8,6,NA,NA,7,8,7,4,6,6,1,1,3,2,1,2,4,3,1
916,9,8,9,5,8,7,7,7,9,6,8,9,7,8,1,2,1,9,1,1,1,13,1
917,7,4,8,6,9,9,9,7,9,9,NA,9,NA,7,2,1,1,2,2,2,3,3,0
918,9,9,9,9,NA,4,6,7,9,8,9,9,8,7,1,2,2,4,3,1,7,6,0
919,9,8,9,7,9,9,7,9,9,8,9,8,5,9,5,2,3,4,3,NA,7,2,1
920,9,9,9,9,9,9,9,9,8,9,9,9,9,9,NA,2,2,6,1,1,6,NA,1
921,9,9,9,7,7,9,8,7,9,9,NA,8,6,NA,2,2,2,8,1,2,NA,6,1
922,9,8,9,7,9,9,5,9,9,9,6,7,7,5,2,2,3,4,1,1,1,3,0
923,9,6,9,NA,NA,8,6,9,NA,7,6,8,6,6,2,1,1,NA,NA,1,NA,3,0
924,9,7,5,6,5,6,4,3,7,9,8,9,2,3,1,2,1,1,3,2,6,4,0
925,7,5,7,4,4,9,6,9,9,6,NA,6,8,7,2,2,1,9,NA,1,6,2,0
926,9,9,9,NA,9,9,NA,5,9,6,8,7,8,NA,2,2,2,4,3,2,1,3,1
927,9,NA,8,8,9,9,9,9,7,8,9,8,9,9,4,2,3,2,1,2,5,3,1
928,6,6,5,7,9,9,9,9,9,9,9,NA,7,7,1,2,NA,2,6,2,1,11,0
929,9,7,4,6,4,7,4,NA,9,8,8,NA,6,5,1,2,3,NA,3,1,5,4,0
930,9,7,7,NA,9,8,5,7,NA,6,NA,9,5,6,5,NA,1,3,1,1,7,2,0
931,5,7,6,4,9,7,9,9,9,9,6,9,9,9,1,2,1,6,1,2,4,5,1
932,7,5,5,5,8,8,8,9,9,9,9,9,9,3,2,1,2,4,3,1,4,4,0
933,9,9,9,9,NA,9,9,9,9,9,9,9,NA,9,2,2,2,2,6,1,NA,6,1
934,9,8,9,6,NA,9,9,9,9,9,9,9,9,7,1,1,1,4,1,1,4,2,1
935,7,5,5,6,4,5,2,5,8,NA,9,NA,6,5,NA,2,3,6,2,1,1,NA,0
936,6,4,8,5,8,6,6,7,8,8,4,6,7,5,1,2,NA,2,3,1,6,5,1
937,9,8,9,9,6,7,8,8,9,9,9,9,9,9,2,2,2,2,3,2,6,7,0
938,9,8,9,6,6,9,6,7,9,9,9,9,8,7,2,2,NA,6,NA,2,NA,8,1
939,9,9,7,6,9,7,8,9,9,9,9,9,9,9,2,2,1,1,NA,2,8,3,1
940,9,8,NA,7,9,9,7,9,9,NA,9,9,NA,7,1,2,1,1,4,2,7,13,1
941,9,6,7,9,8,8,7,8,9,7,9,7,8,8,1,2,3,1,1,1,7,2,1
942,NA,9,9,7,6,6,NA,8,9,9,8,9,8,9,1,2,2,NA,3,1,6,6,1
943,NA,8,8,5,9,8,8,9,9,9,9,9,9,7,1,2,3,2,1,2,3,2,1
944,9,9,8,9,9,9,7,7,8,7,6,8,5,9,1,2,2,6,1,2,NA,3,1
945,9,8,9,9,9,7,9,9,9,9,9,9,9,9,NA,2,2,4,1,1,1,NA,1
946,9,9,9,7,6,6,7,9,9,9,9,6,6,6,2,NA,3,1,5,1,7,3,1
947,7,6,5,3,5,9,5,7,9,7,8,7,6,5,3,NA,3,2,1,2,1,3,0
948,9,9,NA,8,9,9,8,9,9,9,9,9,9,7,1,1,1,6,3,2,4,6,1
949,9,NA,6,6,9,9,7,8,8,7,8,9,8,7,NA,1,3,2,1,1,3,6,1
950,9,7,NA,NA,9,8,7,9,9,NA,8,9,7,9,5,1,1,6,3,NA,NA,8,1
951,9,NA,6,6,6,8,9,7,9,9,9,8,6,7,1,2,3,4,1,2,4,2,1
952,NA,7,5,4,8,7,5,7,7,8,7,7,7,5,4,NA,3,9,1,1,1,4,0
953,6,8,6,8,7,5,NA,8,9,9,9,7,5,8,2,2,1,2,NA,2,7,2,1
954,9,8,9,9,9,6,9,9,9,9,7,9,9,9,5,2,1,3,3,NA,7,5,1
955,8,7,8,8,9,9,8,9,6,9,9,9,NA,8,1,2,2,NA,NA,1,NA,NA,1
956,7,2,4,3,6,6,6,9,5,7,9,5,6,5,1,2,3,1,NA,2,8,8,0
957,9,5,7,7,4,6,4,6,NA,9,6,9,9,6,1,2,1,4,1,2,NA,3,1
958,9,9,8,8,9,9,9,9,7,7,7,6,7,9,1,2,2,2,3,NA,5,2,0
959,5,3,7,NA,8,7,6,7,9,7,8,9,NA,9,1,2,1,1,5,1,6,5,0
960,8,9,9,9,9,9,9,8,9,9,9,NA,9,6,2,2,1,6,2,1,2,1,1
961,NA,6,8,7,8,6,9,NA,9,9,9,9,8,6,4,2,3,8,1,1,1,11,1
962,9,8,8,9,8,9,8,9,9,8,8,8,NA,9,1,1,3,4,1,NA,5,3,1
963,8,7,7,7,7,7,8,6,6,8,6,6,NA,7,4,2,1,4,1,2,NA,4,1
964,9,8,9,9,9,9,9,8,9,7,9,9,9,9,1,1,1,1,1,2,5,3,1
965,6,8,NA,6,9,9,9,9,9,9,9,9,9,9,1,NA,3,1,1,2,6,4,1
966,9,9,8,5,9,9,8,9,9,9,9,NA,8,9,4,2,3,4,3,1,6,4,0
967,9,8,NA,8,NA,8,8,9,9,9,8,9,7,8,4,2,1,4,NA,1,7,3,1
968,9,7,8,9,7,6,6,5,9,NA,5,6,5,7,1,2,1,1,3,1,6,4,0
969,8,7,7,8,9,7,9,NA,8,9,8,NA,6,3,1,2,1,1,3,2,NA,2,0
970,9,7,3,2,4,6,5,NA,8,9,9,8,7,4,2,2,3,4,1,2,3,3,0
971,9,9,8,NA,9,9,9,9,NA,9,9,8,NA,9,1,NA,3,1,1,1,2,8,1
972,9,8,7,5,9,7,6,8,9,9,9,9,9,7,2,2,3,NA,2,2,4,2,1
973,9,6,9,9,9,7,9,7,9,6,9,8,7,NA,4,2,2,4,1,2,4,7,1
974,9,9,9,5,NA,7,8,9,9,7,8,8,8,9,5,2,2,7,5,1,6,4,1
975,9,9,9,9,9,7,9,6,8,8,NA,9,8,9,1,2,1,4,1,2,7,6,1
976,9,9,9,8,9,NA,9,9,7,8,9,7,9,7,1,2,1,1,1,1,8,2,1
977,9,7,9,9,7,5,6,6,8,9,9,9,NA,9,1,1,1,1,3,2,4,5,1
978,9,7,7,5,9,8,7,NA,9,9,8,8,7,8,NA,2,3,4,2,2,5,11,0
979,9,5,7,6,7,7,NA,9,9,8,8,8,9,NA,NA,2,1,1,1,2,3,6,0
980,NA,7,7,7,9,9,9,9,9,8,9,9,6,6,1,2,3,1,1,1,6,4,1
981,9,6,5,9,9,9,8,9,NA,9,9,8,9,9,2,2,3,2,2,1,2,3,1
982,9,7,8,6,6,5,NA,8,8,NA,8,7,9,7,1,1,1,6,1,1,3,8,0
983,9,9,9,8,8,9,9,9,9,9,9,7,9,NA,1,2,NA,1,1,2,6,1,1
984,9,8,6,9,9,NA,7,8,NA,9,9,9,6,5,1,1,3,4,5,2,2,12,1
985,9,9,NA,4,8,6,8,9,9,NA,6,NA,9,9,1,2,2,9,1,2,3,2,1
986,6,NA,2,8,7,6,7,7,7,9,9,9,7,5,1,2,1,2,NA,1,6,6,0
987,7,6,4,2,NA,8,7,7,7,7,4,5,5,7,1,2,1,1,1,2,8,12,0
988,9,7,9,6,8,9,9,9,6,8,8,9,9,9,4,2,2,2,1,1,4,NA,1
989,NA,9,9,NA,9,9,9,9,9,9,9,9,9,6,1,1,3,2,1,1,NA,8,1
990,9,9,8,9,9,7,6,NA,9,9,8,9,8,8,1,2,1,2,6,1,5,7,1
991,9,8,5,NA,6,9,5,9,9,9,9,9,9,6,NA,2,1,4,NA,1,NA,8,0
992,8,9,7,7,9,9,9,9,7,9,9,9,9,7,4,2,2,6,4,1,7,3,1
993,9,8,NA,NA,7,7,5,5,9,9,9,8,6,6,1,2,2,4,1,1,5,9,0
994,9,7,5,NA,9,9,8,9,5,9,8,7,6,6,NA,2,3,2,1,2,6,7,0
995,NA,5,9,6,7,4,4,8,5,9,9,8,9,7,1,2,2,4,1,1,4,7,0
996,8,7,9,8,9,7,8,9,9,9,9,8,NA,5,4,2,1,4,3,2,1,10,1
997,8,9,7,6,7,NA,6,9,7,9,9,9,8,9,1,2,3,NA,NA,2,6,3,0
998,7,8,5,6,9,9,9,9,8,9,9,8,8,8,1,2,3,NA,3,1,5,3,1
999,8,6,6,6,7,7,8,9,9,9,9,9,8,7,1,2,3,NA,1,1,2,5,0
1000,9,9,6,8,7,7,NA,9,9,9,9,NA,NA,7,2,NA,NA,2,5,2,5,4,1
1001,9,8,9,9,9,9,7,NA,7,9,NA,9,9,7,1,1,1,4,4,2,7,5,1
1002,7,NA,6,5,4,8,5,6,7,8,6,9,8,4,1,1,2,1,1,NA,4,4,0
1003,7,7,6,NA,7,9,7,7,9,8,7,8,9,8,1,2,2,2,5,1,9,9,1
1004,9,6,7,NA,8,9,7,9,9,9,8,8,9,NA,4,2,2,4,5,1,2,4,1
1005,9,9,8,9,NA,9,8,7,8,9,NA,9,9,9,2,1,3,1,1,2,1,NA,1
1006,9,5,8,6,7,6,8,6,9,9,9,9,8,7,1,2,1,1,NA,2,7,8,0
1007,9,9,8,7,9,8,7,9,8,9,8,9,9,NA,1,2,3,3,1,2,4,5,1
1008,9,6,NA,5,9,8,NA,9,9,8,9,8,7,9,1,1,1,4,1,2,3,4,0
1009,8,7,4,NA,8,7,9,7,9,9,9,9,7,NA,2,2,1,4,2,2,4,2,0
1010,9,8,9,9,7,9,NA,7,8,9,9,9,9,6,1,2,3,9,3,2,5,2,0
1011,9,9,8,9,9,9,NA,9,9,9,9,NA,9,9,1,2,1,2,1,1,2,3,1
1012,8,5,6,8,8,8,6,9,9,NA,6,8,8,7,2,1,3,4,5,2,1,3,1
1013,9,7,5,5,7,9,7,6,NA,NA,9,9,6,6,2,2,2,2,1,2,8,NA,0
1014,9,6,7,7,7,9,5,8,9,9,8,8,7,7,1,2,3,2,1,1,1,2,1
1015,9,9,7,7,9,7,7,6,8,9,9,NA,9,8,2,2,2,9,3,1,3,4,0
1016,9,9,6,8,9,7,9,9,9,9,9,9,9,8,1,2,3,NA,5,2,1,2,1
1017,9,5,5,7,9,7,9,9,8,9,9,9,9,6,2,2,1,2,1,1,1,NA,1
1018,9,9,NA,7,7,6,NA,9,9,9,9,9,8,9,2,2,3,2,2,2,5,2,1
1019,9,7,8,6,6,8,7,8,9,9,8,7,7,8,2,1,3,2,6,1,2,5,1
1020,9,9,9,8,6,9,8,9,9,9,9,NA,8,9,1,2,1,9,1,2,4,4,1
1021,9,8,8,8,8,9,6,7,9,9,9,NA,9,9,1,1,3,2,3,2,3,4,1
1022,9,8,8,5,7,8,6,7,7,5,4,6,8,9,NA,2,2,2,1,1,6,5,1
1023,9,4,NA,2,9,5,7,8,9,8,NA,9,9,8,2,1,2,3,6,2,3,4,1
1024,9,9,8,7,9,9,9,NA,9,8,8,9,9,9,1,1,1,NA,1,1,6,4,1
1025,9,6,8,8,9,9,9,8,9,8,7,7,9,NA,1,2,3,4,1,1,NA,3,1
1026,9,5,7,6,9,7,9,9,9,9,9,9,8,8,2,2,1,1,NA,NA,3,3,0
1027,8,9,NA,4,9,9,8,8,8,9,9,6,9,6,5,2,3,6,1,2,3,NA,0
1028,9,9,9,7,8,8,7,9,9,9,9,9,8,8,1,2,1,1,6,2,7,9,1
1029,9,NA,6,NA,6,6,6,9,6,9,7,8,5,7,1,1,1,4,6,2,7,5,1
1030,4,7,3,5,7,7,6,7,7,9,6,9,7,7,1,1,2,1,1,2,2,3,0
1031,9,8,8,8,7,NA,8,9,9,9,9,9,9,7,1,2,3,1,5,1,6,5,1
1032,7,8,NA,9,9,6,9,6,9,9,9,9,NA,5,1,2,2,4,1,2,3,8,0
1033,5,3,NA,5,9,9,6,9,7,9,9,9,9,6,1,1,1,4,1,1,3,5,0
1034,5,5,NA,2,7,6,5,7,NA,9,7,9,6,6,1,1,2,5,1,2,6,2,1
1035,8,8,7,NA,8,7,6,8,9,8,NA,NA,8,9,1,1,1,6,1,2,4,10,1
1036,9,7,9,6,NA,NA,9,9,9,9,9,9,9,7,2,2,2,5,1,2,NA,5,1
1037,9,7,9,6,8,9,9,9,9,9,9,9,6,5,1,2,3,4,3,1,8,4,0
1038,9,8,NA,9,6,6,4,7,9,9,9,9,9,9,1,2,2,NA,2,2,6,8,1
1039,9,7,NA,6,NA,9,9,9,8,8,7,9,8,9,2,2,1,NA,1,2,5,2,1
1040,9,7,9,9,5,8,5,9,7,5,9,7,6,7,1,2,2,NA,1,2,6,2,1
1041,NA,7,4,4,5,6,6,NA,6,7,5,6,3,5,NA,2,1,1,1,2,6,NA,0
1042,9,9,7,5,5,7,5,9,9,8,8,5,4,6,2,NA,1,4,3,1,6,2,0
1043,9,9,5,4,7,7,9,8,8,9,8,7,8,8,NA,1,3,NA,3,2,7,4,1
1044,8,6,6,7,8,5,7,7,NA,9,NA,9,9,6,4,2,NA,1,NA,2,8,6,0
1045,9,7,5,8,6,9,9,9,9,9,9,8,8,6,1,2,1,6,1,1,6,3,1
1046,9,9,9,9,9,9,8,6,9,9,9,9,9,8,4,1,2,1,1,2,6,3,1
1047,8,8,3,6,8,4,5,7,NA,9,NA,8,9,8,1,2,1,1,1,2,1,6,0
1048,9,8,9,9,NA,7,7,NA,9,9,NA,NA,NA,8,1,2,1,2,5,1,2,11,0
1049,7,6,5,6,9,6,7,5,9,9,7,7,7,5,4,2,NA,2,3,2,1,7,0
1050,9,9,8,9,9,9,9,9,9,9,9,9,9,8,1,2,1,6,3,2,6,3,1
1051,9,9,9,8,6,6,5,6,7,6,9,5,6,9,1,2,2,4,1,NA,3,4,0
1052,4,2,3,5,6,9,7,9,9,6,7,7,6,3,1,1,1,2,3,1,NA,3,0
1053,9,9,NA,6,7,6,9,9,9,9,9,9,9,8,1,1,2,7,1,1,6,6,1
1054,9,9,7,8,6,9,6,7,9,9,9,NA,8,6,NA,NA,2,6,3,2,1,6,0
1055,8,NA,5,5,9,7,8,8,8,7,9,9,6,8,1,2,2,2,6,2,5,4,0
1056,9,7,7,7,9,9,9,9,7,9,9,9,7,9,NA,2,1,NA,2,NA,1,3,1
1057,9,9,9,9,8,8,6,5,5,8,8,7,8,6,3,2,3,1,3,2,7,NA,1
1058,6,4,2,4,9,9,8,9,9,9,9,NA,9,8,2,2,2,2,1,2,NA,7,0
1059,9,7,NA,5,9,NA,NA,9,NA,9,9,9,NA,8,4,2,2,2,1,2,6,13,1
1060,7,8,8,8,9,NA,8,6,9,9,9,9,9,7,1,NA,2,1,2,1,7,2,0
1061,9,9,NA,7,9,NA,8,9,9,8,6,7,9,9,2,1,3,2,NA,2,1,2,1
1062,8,9,9,8,9,9,9,7,9,9,9,9,9,7,2,1,3,4,1,1,6,8,1
1063,9,6,7,6,7,9,8,7,9,8,9,8,9,9,1,2,1,2,5,1,3,12,0
1064,9,7,9,9,9,5,6,7,9,9,9,8,9,9,1,2,2,9,3,1,1,4,1
1065,8,6,9,6,6,5,7,9,NA,9,9,NA,7,9,1,2,1,1,6,1,5,3,1
1066,9,9,9,9,9,9,8,9,8,6,9,8,6,9,4,2,1,6,5,NA,1,5,1
1067,9,NA,6,9,9,9,8,9,9,9,7,8,7,7,1,2,2,2,3,2,1,7,1
1068,9,9,9,6,9,9,6,8,9,NA,5,8,6,9,2,2,2,3,1,1,2,6,1
1069,9,9,9,8,NA,5,NA,7,9,5,7,7,5,7,1,2,3,9,6,1,5,2,1
1070,9,6,9,NA,9,9,9,8,9,8,9,9,9,8,1,2,NA,4,1,NA,4,2,1
1071,9,8,9,9,9,7,7,9,NA,9,5,8,8,9,1,2,2,3,1,1,5,3,1
1072,9,9,9,7,7,7,8,9,9,9,9,NA,7,8,2,2,3,4,3,2,6,5,1
1073,9,8,9,8,7,6,4,9,9,NA,9,7,7,8,4,2,2,1,1,2,7,8,1
1074,9,9,6,8,NA,8,9,9,9,8,9,NA,9,8,NA,2,3,2,3,2,6,3,1
1075,8,5,9,6,9,9,9,9,NA,NA,9,9,9,8,4,2,3,3,3,2,6,10,0
1076,7,7,5,4,NA,3,3,7,6,7,9,8,9,6,NA,2,3,1,6,2,3,6,0
1077,9,9,9,9,9,9,8,9,9,9,9,8,8,9,NA,2,3,1,1,1,4,3,1
1078,9,9,9,8,9,9,9,9,9,8,9,9,9,9,2,2,1,2,3,NA,3,2,1
1079,9,9,6,8,8,9,6,6,9,6,8,7,NA,5,2,2,3,4,1,2,5,7,0
1080,9,9,6,6,9,9,7,8,9,8,NA,9,5,9,4,1,NA,6,1,1,7,NA,1
1081,5,3,6,4,NA,9,7,8,7,9,8,9,8,7,1,2,2,1,1,1,7,3,0
1082,7,4,6,NA,4,6,NA,7,NA,7,8,9,2,5,2,1,1,4,1,1,6,4,0
1083,9,7,6,7,6,5,6,6,8,7,6,7,8,7,4,2,1,2,3,1,7,2,0
1084,9,8,7,8,7,4,NA,7,9,9,9,9,9,6,1,2,2,6,3,2,NA,2,1
1085,9,NA,8,3,9,7,9,8,9,8,8,8,9,7,4,2,2,6,1,1,4,NA,0
1086,9,8,9,7,9,9,8,9,NA,8,NA,9,9,9,1,2,1,2,1,1,NA,6,1
1087,9,NA,9,5,7,8,8,5,4,6,8,7,8,9,1,2,3,3,1,2,4,9,1
1088,7,3,4,5,7,5,6,NA,9,8,8,9,9,3,1,2,1,2,1,NA,5,6,0
1089,9,7,NA,7,9,9,9,9,9,9,9,9,9,NA,1,2,1,2,3,2,8,NA,1
1090,NA,7,8,3,7,9,NA,9,9,9,9,9,9,5,1,2,1,2,3,1,1,7,0
1091,9,8,NA,5,NA,8,9,9,9,8,7,9,9,7,1,2,2,1,5,NA,6,2,1
1092,9,NA,6,7,9,7,6,8,9,9,9,9,8,7,5,1,1,4,3,1,3,12,0
1093,8,3,8,8,8,7,7,NA,8,6,9,NA,6,4,NA,2,3,6,1,1,6,3,1
1094,7,5,7,4,9,9,9,9,8,7,9,9,7,9,4,2,1,2,1,1,1,1,0
1095,9,6,8,6,9,9,9,9,9,7,9,9,9,8,1,2,3,6,1,2,4,10,1
1096,5,5,5,5,9,NA,6,9,9,9,9,9,9,7,1,1,1,4,6,2,5,8,0
1097,9,9,4,8,9,9,8,9,9,9,9,9,9,7,1,2,2,NA,1,1,6,3,1
1098,9,5,5,7,9,8,8,9,7,8,7,9,7,7,2,1,1,9,3,2,6,4,0
1099,6,5,7,6,8,7,5,5,9,9,7,8,7,3,NA,2,1,6,NA,2,5,7,1
1100,7,7,9,NA,8,7,7,6,NA,7,6,6,9,7,1,NA,1,1,5,NA,4,NA,0
1101,9,9,5,9,9,8,8,9,9,8,9,9,6,7,4,2,3,2,1,NA,6,2,1
1102,9,4,8,4,NA,6,7,9,9,9,NA,9,8,NA,1,NA,3,2,4,2,8,11,1
1103,NA,7,6,5,4,8,4,9,9,9,9,9,7,8,1,2,2,6,1,2,7,2,1
1104,9,7,8,9,NA,5,7,7,8,8,7,8,8,8,2,2,1,2,1,2,4,3,1
1105,9,9,7,9,9,9,9,9,7,8,9,9,7,9,NA,2,2,6,3,1,6,7,1
1106,7,6,5,5,8,7,3,8,9,9,7,8,9,6,1,2,1,2,6,1,6,3,0
1107,9,8,9,9,9,9,9,9,9,9,9,9,9,NA,1,2,2,2,1,1,7,4,1
1108,9,8,5,7,9,9,9,9,9,9,9,9,9,9,1,2,3,2,5,2,4,6,1
1109,8,9,6,7,8,8,4,9,9,9,9,8,9,7,1,2,1,6,NA,1,3,3,1
1110,7,4,NA,7,9,7,9,8,9,9,9,9,8,5,NA,2,3,4,NA,1,NA,4,1
1111,8,7,6,6,9,5,7,8,9,9,8,8,9,5,1,1,1,1,3,1,1,3,0
1112,9,4,3,8,8,7,3,6,NA,9,9,9,5,5,2,2,2,3,1,1,1,12,1
1113,9,4,8,8,8,8,6,6,9,7,7,8,7,5,1,2,3,3,2,1,8,9,1
1114,7,8,9,7,6,7,6,7,7,NA,8,9,NA,5,1,2,3,2,2,1,7,3,0
1115,9,9,7,7,8,9,5,9,9,9,NA,9,8,NA,1,2,3,8,1,2,1,2,1
1116,9,9,9,9,9,7,6,9,9,7,9,9,9,9,4,2,3,4,NA,1,6,2,1
1117,9,8,9,9,6,9,6,8,9,9,9,9,9,8,2,2,2,6,5,2,5,3,1
1118,9,6,9,6,9,8,9,9,9,9,9,9,9,9,2,2,1,1,1,2,7,9,1
1119,6,6,5,6,8,9,9,8,6,7,NA,8,9,9,1,2,3,1,2,1,NA,6,1
1120,9,9,9,8,9,7,9,8,8,8,9,7,9,7,1,1,2,1,4,2,2,3,1
1121,9,9,7,7,9,8,6,9,9,7,7,7,7,9,2,2,2,9,1,1,6,2,1
1122,9,9,9,9,9,9,9,9,9,NA,9,9,9,9,1,2,3,2,3,2,NA,6,1
1123,7,7,NA,6,9,8,8,9,9,9,7,8,5,6,1,2,1,2,2,1,6,5,0
1124,NA,9,9,9,8,9,8,7,8,7,7,9,9,9,1,2,2,6,2,1,4,3,0
1125,7,6,6,NA,NA,8,5,8,6,5,5,5,6,6,1,2,1,2,1,1,1,3,0
1126,9,9,9,9,9,9,9,9,9,9,9,9,9,9,2,NA,NA,2,3,2,8,12,1
1127,9,9,8,6,8,5,3,9,8,9,NA,9,8,5,4,NA,2,1,6,1,6,2,1
1128,9,4,4,4,7,4,9,9,9,9,9,9,9,6,3,1,2,3,NA,1,2,4,1
1129,NA,6,9,7,NA,9,7,7,9,9,NA,9,9,8,2,NA,2,5,3,2,8,5,0
1130,7,8,4,3,9,9,9,9,9,NA,9,8,NA,8,1,1,2,1,1,2,6,6,0
1131,9,8,9,7,9,NA,9,9,9,9,9,9,NA,9,2,2,2,6,1,2,8,7,1
1132,NA,8,5,8,8,7,6,9,9,9,9,9,NA,7,1,2,2,3,1,2,1,2,0
1133,5,5,6,6,9,6,6,8,5,7,6,7,7,5,1,1,3,1,3,1,7,6,0
1134,9,7,7,9,9,9,9,NA,9,8,9,9,8,9,1,NA,3,1,4,1,7,3,1
1135,9,9,NA,7,8,7,6,7,9,NA,9,9,9,7,1,1,2,1,5,1,5,6,0
1136,7,3,4,6,7,6,4,7,9,7,8,9,9,2,2,2,1,1,1,2,4,2,0
1137,NA,6,7,8,9,9,8,9,9,9,9,9,9,9,5,2,NA,NA,NA,2,NA,6,1
1138,8,8,5,4,9,9,9,9,9,7,7,7,7,9,1,1,2,4,1,1,7,10,1
1139,7,7,7,5,8,6,5,NA,9,9,8,7,5,7,1,2,3,1,5,1,2,1,0
1140,9,8,8,6,9,5,8,6,9,9,NA,9,7,9,1,NA,1,9,3,2,8,5,1
1141,9,7,NA,9,9,7,8,9,9,7,9,8,NA,7,NA,1,3,3,1,1,7,1,1
1142,7,7,5,5,7,9,6,9,9,9,9,9,9,8,1,1,2,4,6,2,4,7,1
1143,8,7,5,8,7,7,5,8,9,9,9,9,9,7,1,NA,3,NA,1,2,6,3,1
1144,9,NA,8,9,7,8,8,7,9,9,9,9,7,5,4,1,1,2,1,2,7,9,1
1145,7,9,NA,8,9,8,6,8,9,NA,9,9,9,8,5,2,3,1,1,2,1,6,0
1146,9,7,8,9,7,6,4,8,6,9,9,8,8,9,1,NA,3,NA,1,1,7,8,1
1147,8,9,9,9,9,8,9,7,9,9,9,9,9,6,4,2,1,2,5,NA,4,8,0
1148,8,8,8,NA,8,NA,5,8,8,9,9,7,5,9,1,2,2,4,NA,1,6,8,1
1149,NA,7,9,6,9,9,9,9,9,9,8,9,9,7,4,2,1,4,1,NA,3,6,1
1150,9,7,8,8,7,8,5,8,NA,9,7,6,5,6,1,2,3,4,1,2,1,NA,1
1151,9,NA,7,8,9,8,9,9,9,9,9,9,8,8,1,2,1,2,3,2,1,4,1
1152,9,8,5,9,9,8,8,9,9,NA,9,9,9,7,1,2,2,3,6,1,6,1,1
1153,7,7,5,9,9,9,NA,9,5,9,7,8,9,9,2,1,2,1,3,2,5,5,1
1154,9,8,4,7,6,7,9,4,NA,9,8,9,7,2,1,2,2,NA,NA,1,6,3,0
1155,6,NA,5,7,9,8,9,9,9,9,9,9,7,6,4,2,1,4,1,1,8,1,1
1156,9,6,NA,7,9,7,9,9,9,9,9,9,9,9,1,NA,2,9,2,2,6,13,1
1157,9,6,9,9,9,NA,8,9,8,9,9,9,9,9,4,2,3,3,3,2,8,13,1
1158,8,8,9,8,9,8,9,9,9,9,9,9,7,9,1,2,1,1,1,1,6,1,1
1159,9,9,8,8,9,9,8,9,NA,9,9,8,8,NA,1,2,1,1,1,NA,NA,7,1
1160,8,7,7,6,9,9,9,9,9,9,8,9,7,8,1,2,3,6,3,1,NA,2,1
1161,7,3,9,8,7,9,8,NA,8,9,9,9,6,5,4,2,2,1,3,2,1,3,0
1162,9,9,8,8,9,8,9,9,9,9,9,9,9,9,1,2,2,NA,2,1,5,5,1
1163,9,6,NA,9,9,7,9,9,9,9,9,9,9,9,2,2,3,1,1,1,5,12,1
1164,9,8,7,9,9,9,9,NA,6,9,NA,9,9,NA,1,2,2,9,2,2,6,3,1
1165,8,8,9,9,6,7,5,7,6,8,6,6,7,5,1,2,3,1,1,2,7,5,0
1166,8,9,8,8,9,8,9,8,9,5,7,5,8,6,5,2,3,10,3,NA,6,8,1
1167,NA,4,5,5,5,5,3,9,NA,8,8,8,7,6,1,2,2,2,2,1,4,2,0
1168,9,NA,7,9,NA,9,6,9,9,7,NA,NA,9,7,1,2,2,1,2,2,6,3,1
1169,9,8,6,6,9,9,9,9,9,9,9,9,9,9,1,2,1,1,1,2,NA,3,0
1170,8,8,NA,NA,9,9,7,6,9,9,9,9,8,8,1,2,1,6,6,2,1,8,1
1171,9,NA,9,9,7,5,NA,8,9,9,9,9,9,7,1,2,1,2,1,1,7,3,1
1172,7,6,8,7,7,7,7,5,8,7,NA,9,9,5,2,2,3,6,1,1,7,3,1
1173,NA,4,5,5,9,NA,7,9,NA,9,9,6,9,7,1,2,2,1,2,2,6,2,0
1174,7,4,6,6,8,7,NA,9,9,9,9,9,9,5,1,2,3,6,1,2,5,4,1
1175,NA,8,9,6,NA,7,5,NA,NA,9,7,9,9,8,1,NA,1,1,1,1,7,9,1
1176,9,7,9,7,9,8,9,7,8,5,7,9,9,6,1,2,3,4,NA,2,5,4,0
1177,5,8,7,7,9,7,9,9,8,8,8,9,9,7,4,2,1,6,NA,2,5,4,1
1178,9,NA,8,NA,NA,NA,7,9,8,7,7,7,9,7,1,2,NA,1,4,1,3,5,0
1179,9,9,7,6,7,7,9,5,9,9,9,NA,8,8,1,2,1,6,1,NA,4,3,0
1180,9,8,7,7,8,NA,4,6,8,9,8,5,8,NA,1,2,NA,6,NA,1,8,6,0
1181,9,6,5,6,9,6,6,4,7,9,NA,7,9,5,1,1,1,6,1,1,4,5,0
1182,9,9,9,9,9,8,NA,9,NA,9,9,9,9,9,2,2,3,2,5,NA,1,5,1
1183,9,8,9,7,9,7,5,5,NA,9,NA,6,8,9,1,1,2,2,3,1,1,3,0
1184,7,6,NA,3,7,8,9,9,9,9,9,9,7,5,1,2,3,6,3,1,3,11,1
1185,5,3,3,4,8,9,9,NA,9,9,8,NA,7,5,NA,2,NA,4,1,2,2,6,1
1186,9,7,7,NA,8,7,8,9,9,9,NA,9,NA,8,4,2,3,4,NA,2,5,4,1
1187,9,8,8,6,5,NA,7,8,9,8,9,9,5,4,1,1,NA,3,4,2,7,7,0
1188,NA,9,8,6,7,6,NA,9,8,NA,7,7,8,7,1,2,1,2,1,2,6,6,0
1189,9,7,9,8,8,8,8,9,9,9,NA,9,9,7,1,1,1,6,1,2,5,11,1
1190,9,9,8,7,9,7,NA,9,NA,8,9,9,6,8,2,2,NA,2,1,2,5,5,1
1191,9,7,9,NA,9,9,9,9,6,8,9,9,7,9,4,1,3,4,NA,1,7,8,1
1192,8,7,4,7,6,NA,5,7,NA,8,5,7,6,7,1,NA,1,9,3,2,2,3,0
1193,8,9,NA,9,6,5,6,2,9,9,8,8,6,7,5,2,3,9,1,1,1,2,0
1194,9,9,8,NA,7,6,8,9,8,7,9,7,7,9,1,1,1,4,NA,2,3,6,1
1195,8,8,8,5,7,7,9,8,8,8,8,7,4,4,2,2,1,3,2,2,3,1,0
1196,9,5,9,8,7,5,8,8,9,9,9,9,9,5,2,2,3,2,3,NA,5,3,0
1197,9,3,NA,7,9,9,9,6,7,NA,8,9,9,8,1,NA,3,6,1,1,1,NA,1
1198,9,8,7,5,9,5,6,9,7,9,6,9,5,7,NA,1,1,2,2,1,6,3,1
1199,NA,8,8,8,9,9,9,9,NA,8,9,8,9,7,1,2,1,1,5,2,3,NA,1
1200,9,9,8,9,9,9,9,9,9,9,9,9,9,NA,4,2,3,2,1,1,1,2,1
1201,8,9,4,5,8,7,9,7,7,8,NA,8,9,9,1,2,NA,2,3,1,6,NA,0
1202,9,8,9,9,9,9,8,9,9,9,9,9,9,8,2,2,2,2,1,NA,2,10,1
1203,8,NA,8,7,9,9,9,9,9,7,7,4,NA,7,1,2,1,2,1,1,1,12,1
1204,6,6,4,NA,4,5,4,5,9,9,7,9,8,1,2,NA,2,4,3,NA,6,10,0
1205,6,9,9,8,7,5,7,NA,9,8,9,9,9,NA,4,1,2,4,2,1,3,5,1
1206,8,8,9,8,9,9,9,9,9,9,9,9,9,9,1,1,2,4,1,2,2,5,1
1207,9,7,NA,7,9,9,9,NA,9,9,9,9,9,9,1,2,3,5,3,1,3,8,1
1208,8,NA,8,7,9,7,8,9,NA,9,NA,9,9,6,1,2,2,4,1,2,5,11,1
1209,9,7,9,8,9,7,8,7,8,8,9,6,9,9,2,2,1,2,1,1,8,3,1
1210,8,5,9,9,9,NA,9,8,9,8,8,9,7,8,1,2,2,4,1,1,8,6,1
1211,NA,7,9,6,8,7,5,8,9,7,9,7,NA,8,1,2,1,8,1,2,1,3,0
1212,5,4,6,6,7,7,5,8,6,6,5,6,6,NA,1,2,1,1,1,1,6,8,1
1213,NA,6,5,4,5,8,6,6,9,6,8,8,7,5,5,2,NA,5,2,2,7,11,0
1214,9,9,NA,8,8,8,9,9,9,9,9,9,9,9,1,2,1,3,6,1,1,6,1
1215,8,8,6,8,9,9,9,9,9,9,NA,7,9,7,1,1,3,NA,2,1,4,6,1
1216,7,5,7,7,7,9,9,9,9,9,9,9,9,6,1,2,3,6,1,1,3,4,1
1217,9,6,8,5,9,9,9,9,7,NA,9,9,9,8,1,2,3,1,1,1,6,5,1
1218,NA,5,NA,8,8,9,9,9,9,9,9,NA,6,5,2,2,1,4,NA,1,6,3,0
1219,8,NA,5,8,9,8,8,7,9,9,9,9,9,7,NA,2,NA,1,1,1,4,10,0
1220,9,8,9,5,9,8,7,9,NA,9,9,9,9,9,1,2,1,1,1,1,5,7,1
1221,9,9,6,9,9,9,9,9,9,NA,9,NA,9,8,2,2,1,2,3,2,1,4,1
1222,9,4,7,9,7,9,9,9,9,9,9,9,9,9,1,2,3,2,3,2,7,12,1
1223,8,7,4,9,9,8,9,9,9,8,7,7,7,8,1,2,1,9,1,2,5,13,1
1224,9,8,NA,7,5,3,4,7,6,9,9,NA,9,5,1,2,1,4,6,1,5,4,0
1225,9,7,9,6,9,NA,7,7,9,NA,7,8,9,7,1,2,NA,6,2,NA,5,7,1
1226,9,8,5,7,9,7,9,9,9,9,9,9,8,7,2,2,1,2,NA,2,NA,7,0
1227,9,8,5,5,6,NA,6,9,6,5,6,3,NA,5,1,2,3,4,3,1,5,5,0
1228,9,9,8,5,8,8,9,8,8,9,6,9,6,9,1,2,1,4,1,2,7,5,0
1229,8,9,9,9,9,8,8,9,8,9,9,9,8,9,1,NA,3,6,2,1,6,6,1
1230,8,7,8,9,9,9,9,9,9,9,9,8,NA,9,1,2,3,5,1,1,4,1,1
1231,9,9,6,8,9,7,NA,9,9,9,NA,9,9,7,4,2,3,NA,3,1,7,8,1
1232,6,5,9,4,7,5,8,7,8,NA,9,9,6,6,1,1,1,1,3,2,1,6,0
1233,6,5,5,6,8,7,8,8,8,9,8,9,9,9,1,2,1,1,1,2,5,10,0
1234,9,6,7,8,8,3,8,NA,8,9,8,6,9,6,NA,2,3,NA,1,1,1,7,1
1235,6,5,7,5,9,7,NA,9,9,NA,9,7,7,7,NA,NA,1,4,2,1,NA,11,0
1236,9,8,NA,7,9,8,6,8,9,9,9,9,9,6,5,2,1,6,3,NA,4,1,1
1237,9,8,9,5,9,9,9,9,9,9,9,9,9,9,4,2,2,NA,6,2,5,1,1
1238,9,7,8,9,7,8,5,7,9,7,9,7,7,5,1,2,1,NA,1,1,4,6,0
1239,8,8,NA,9,8,7,6,8,9,9,9,NA,8,7,1,2,1,9,1,1,7,2,1
1240,9,8,9,9,9,9,8,NA,7,9,7,9,6,9,2,1,2,3,2,2,4,5,1
1241,9,6,7,7,7,5,6,NA,NA,5,6,4,7,6,1,1,2,2,1,2,6,1,0
1242,9,5,7,4,9,9,2,9,9,9,8,9,9,6,1,2,1,NA,1,2,6,NA,0
1243,8,7,9,4,7,9,6,7,8,8,9,8,8,9,1,1,3,7,3,2,6,4,1
1244,9,9,9,8,9,9,9,9,7,7,8,9,6,9,5,2,2,8,1,2,6,12,1
1245,NA,NA,5,NA,6,8,7,7,9,6,9,9,8,7,4,NA,3,6,3,1,7,1,1
1246,9,9,9,9,9,9,8,NA,9,9,9,9,8,9,NA,2,1,1,3,2,1,5,1
1247,9,5,6,5,6,5,7,7,8,8,9,8,9,8,2,2,NA,3,1,2,4,8,1
1248,8,9,8,8,9,9,9,9,9,9,9,9,9,9,5,2,2,9,1,2,7,2,1
1249,9,8,9,9,8,8,6,7,9,9,9,NA,9,5,1,2,1,6,3,1,NA,2,1
1250,9,9,7,9,9,9,9,8,9,9,NA,9,9,9,4,2,3,2,6,1,6,1,1
1251,8,7,7,6,7,7,9,8,9,9,9,8,8,6,5,2,1,2,2,2,NA,6,0
1252,9,NA,NA,7,9,9,9,NA,9,NA,9,9,9,7,2,2,3,4,1,2,3,5,1
1253,9,7,9,9,8,9,9,9,7,9,9,9,9,8,NA,2,3,4,5,1,7,7,1
1254,8,NA,6,NA,NA,7,8,7,8,7,5,6,8,NA,5,2,2,1,2,1,3,8,0
1255,7,8,9,8,6,6,5,6,9,7,6,7,6,8,1,2,1,1,3,2,1,8,1
1256,9,6,9,9,6,6,9,8,9,6,8,5,7,9,1,2,3,6,6,1,1,4,1
1257,9,NA,8,5,9,9,7,8,9,9,9,9,9,7,1,2,3,1,3,2,NA,10,1
1258,9,9,8,9,9,NA,9,9,9,NA,9,9,9,9,2,2,3,9,3,2,6,1,1
1259,9,9,6,9,9,8,7,8,9,6,7,5,8,6,NA,2,3,6,1,2,5,2,1
1260,8,9,5,6,8,7,7,6,6,6,7,6,7,8,1,1,3,2,3,1,NA,6,1
1261,9,7,7,9,9,8,8,9,9,9,7,8,8,8,2,2,3,1,1,2,6,3,1
1262,6,9,8,7,4,NA,5,9,9,7,6,8,5,4,1,2,3,2,3,1,6,11,0
1263,8,5,8,7,6,NA,6,6,9,9,9,8,9,2,1,2,1,1,1,2,3,8,0
1264,7,5,6,3,8,7,8,9,9,9,7,7,9,9,NA,1,2,9,1,1,6,12,1
1265,9,9,9,7,7,7,6,7,9,9,9,9,9,8,5,2,3,NA,3,2,4,6,1
1266,9,6,8,9,NA,NA,6,7,NA,6,6,8,9,9,2,2,2,5,1,1,NA,2,1
1267,6,6,7,7,8,4,3,7,9,5,5,8,6,7,1,2,2,6,2,2,1,5,0
1268,9,5,7,7,9,9,9,9,9,9,9,NA,9,9,1,2,1,2,2,NA,1,13,1
1269,4,6,4,5,7,7,5,7,9,9,8,9,5,3,2,1,3,4,3,2,6,13,0
1270,7,6,5,NA,8,NA,7,9,9,NA,8,7,9,4,1,2,2,4,3,1,4,2,0
1271,9,7,3,7,NA,9,9,9,9,9,9,9,9,7,1,2,3,6,1,1,4,8,1
1272,9,NA,9,9,9,8,8,9,9,9,9,8,7,7,1,2,1,4,3,2,6,4,1
1273,9,NA,9,8,9,8,9,NA,9,9,9,NA,7,9,2,2,NA,6,1,1,6,NA,1
1274,8,7,7,6,6,4,9,6,9,9,7,8,9,7,4,2,2,2,1,1,1,12,1
1275,8,6,6,4,7,9,9,6,7,5,7,5,6,5,4,2,2,4,1,1,5,6,0
1276,8,5,6,3,8,9,NA,NA,9,8,9,8,NA,7,1,2,NA,2,1,1,6,4,0
1277,9,8,6,9,9,9,7,7,7,NA,8,9,NA,8,2,1,1,6,1,2,5,11,1
1278,9,NA,8,7,NA,9,9,9,7,NA,6,9,7,7,1,2,1,8,1,2,4,2,0
1279,9,9,9,6,9,6,9,9,9,8,9,9,9,9,1,2,1,6,1,NA,5,3,1
1280,9,6,4,3,8,9,5,7,7,NA,NA,8,6,7,1,2,3,4,3,2,4,3,0
1281,8,5,7,7,8,6,5,8,9,9,9,9,7,7,2,1,1,7,3,1,5,5,0
1282,8,6,4,7,6,7,7,8,6,5,NA,6,3,NA,1,2,3,6,3,1,3,7,0
1283,6,7,3,6,9,9,6,7,7,6,7,6,7,NA,1,2,NA,NA,1,1,6,9,0
1284,7,6,8,7,8,7,7,9,9,8,9,NA,9,8,5,2,2,4,5,2,NA,2,1
1285,9,6,7,NA,8,6,6,8,7,9,9,9,9,9,4,2,2,6,2,NA,3,3,1
1286,9,9,8,9,9,5,NA,9,9,9,9,9,9,NA,1,2,NA,NA,3,2,2,3,0
1287,9,8,8,6,8,7,7,8,9,9,9,9,9,7,NA,NA,NA,9,1,1,7,7,0
1288,7,3,7,4,7,7,6,5,9,9,6,9,7,6,4,1,3,2,6,1,3,2,0
1289,9,9,8,9,9,9,6,9,9,9,9,9,9,9,4,2,NA,6,1,1,6,3,1
1290,5,7,8,6,9,9,7,8,9,9,9,9,7,5,1,2,3,6,3,2,1,5,0
1291,9,8,NA,8,9,9,9,9,8,9,9,9,9,9,NA,2,1,1,1,2,1,2,0
1292,8,5,6,5,9,NA,8,9,8,8,9,9,7,8,1,2,NA,2,3,1,8,6,0
1293,9,7,9,8,9,6,9,8,9,9,9,8,9,9,1,1,1,4,1,2,4,NA,1
1294,9,9,7,8,7,8,6,6,8,6,9,9,6,8,1,2,1,9,3,1,6,5,1
1295,4,2,4,4,8,8,4,8,9,9,8,9,8,5,1,NA,1,NA,3,2,NA,3,0
1296,NA,NA,7,5,6,7,6,9,9,9,7,9,9,6,NA,2,1,6,NA,1,7,12,1
1297,9,7,7,6,8,6,8,9,7,9,9,9,9,4,2,2,NA,2,1,2,8,7,0
1298,9,8,8,9,9,8,9,9,9,9,9,9,9,8,2,2,2,1,6,2,4,2,1
1299,9,9,8,9,9,4,8,8,9,8,9,9,9,9,1,2,1,6,3,2,8,9,1
1300,5,9,4,7,9,9,7,9,9,9,9,9,9,7,4,2,NA,6,3,2,1,12,1
1301,7,4,7,3,9,9,9,9,9,9,8,8,9,6,1,2,2,NA,1,2,3,5,1
1302,9,9,5,6,8,7,8,9,9,9,9,NA,5,4,1,2,1,6,NA,2,4,1,1
1303,9,7,NA,1,6,NA,3,7,8,9,7,8,8,3,1,NA,3,4,3,1,4,3,0
1304,NA,7,8,9,9,6,9,8,7,8,7,8,9,5,1,NA,NA,2,2,1,3,NA,1
1305,7,NA,3,8,9,9,9,8,9,8,8,9,9,7,1,2,NA,6,1,2,5,NA,1
1306,8,7,4,7,8,8,5,9,9,6,8,7,8,8,2,2,3,6,1,NA,7,3,0
1307,8,9,9,8,9,9,7,9,NA,9,9,9,9,9,NA,2,NA,3,3,1,NA,9,1
1308,6,NA,7,5,9,6,8,9,9,8,9,9,9,6,1,1,2,4,2,1,6,6,0
1309,9,8,9,8,8,9,6,9,9,9,9,9,9,6,1,NA,2,4,3,2,5,NA,1
1310,8,9,6,9,9,7,8,8,NA,9,9,9,9,9,2,2,3,1,2,2,1,4,1
1311,9,9,9,8,9,9,8,7,8,9,9,9,8,9,1,1,3,9,1,2,4,NA,1
1312,8,7,8,NA,7,3,5,4,NA,6,9,9,6,6,1,2,NA,2,6,2,4,5,0
1313,9,9,NA,9,5,9,7,5,9,9,9,9,NA,6,2,NA,3,4,3,1,6,3,0
1314,5,6,6,4,7,7,4,6,8,9,8,8,7,3,1,2,2,4,NA,1,1,12,0
1315,6,NA,NA,6,5,8,9,6,9,9,9,NA,8,6,2,2,3,2,3,1,5,4,0
1316,9,6,9,9,9,9,9,9,9,8,8,9,9,9,2,2,2,4,1,1,7,2,1
1317,7,8,6,7,6,7,7,9,9,9,7,6,7,7,2,2,1,4,6,2,3,3,0
1318,9,7,8,9,9,9,7,NA,9,9,9,9,6,9,1,2,2,1,NA,NA,6,5,1
1319,9,8,9,6,8,9,NA,9,9,9,9,9,9,9,1,2,NA,4,2,1,7,9,1
1320,9,9,9,9,5,NA,8,7,9,6,9,9,9,7,1,2,3,2,2,1,1,7,1
1321,9,7,7,7,8,9,9,9,8,8,6,9,9,8,2,2,1,2,1,2,6,5,0
1322,9,8,7,NA,6,7,5,7,NA,8,9,NA,8,7,NA,1,2,2,2,2,4,13,0
1323,9,9,NA,8,9,8,8,9,9,9,9,9,9,NA,5,2,1,1,NA,NA,4,5,1
1324,9,5,7,5,9,8,7,9,8,8,8,6,7,7,1,2,3,9,NA,2,6,11,1
1325,NA,8,6,8,7,9,8,5,8,9,8,9,9,NA,1,NA,NA,1,2,2,3,1,1
1326,9,6,6,9,7,5,6,7,8,7,8,8,NA,8,1,2,1,3,1,1,5,2,0
1327,9,6,7,4,6,5,4,4,NA,6,7,3,9,5,1,2,3,NA,5,2,6,7,0
1328,7,7,NA,7,8,8,7,8,7,5,7,9,9,5,4,1,1,2,1,NA,2,12,0
1329,9,8,5,8,8,8,6,9,9,8,9,6,6,6,2,2,1,1,2,NA,6,6,0
1330,8,4,6,9,7,7,5,7,7,8,9,7,8,4,2,2,NA,1,1,2,4,NA,0
1331,6,5,2,5,7,9,8,7,9,7,5,8,8,5,1,2,1,1,3,1,4,4,0
1332,9,9,4,NA,8,9,7,8,9,9,9,9,9,7,2,2,2,6,2,1,4,2,1
1333,9,6,6,NA,8,9,5,6,9,7,8,9,6,NA,1,2,NA,1,NA,1,7,12,1
1334,8,4,5,6,9,7,6,8,9,9,7,8,9,6,1,2,1,6,1,1,3,3,0
1335,9,7,8,9,9,9,8,9,9,9,8,9,8,9,2,2,3,1,1,1,5,3,1
1336,7,5,7,5,4,4,5,6,9,9,NA,9,7,3,5,2,1,2,3,1,4,13,0
1337,9,5,9,8,7,8,8,7,9,9,9,9,9,9,1,2,2,1,NA,2,5,3,1
1338,9,8,9,6,8,5,7,6,9,NA,9,9,9,7,2,NA,1,1,NA,2,1,12,0
1339,9,9,9,9,8,9,8,9,NA,8,9,9,8,9,1,2,3,6,1,NA,8,12,1
1340,9,9,NA,7,NA,8,9,9,NA,9,7,9,9,9,1,2,2,6,6,NA,6,7,1
1341,8,9,6,8,9,9,9,8,9,9,NA,9,8,7,5,2,NA,2,1,2,5,11,1
1342,9,7,9,7,9,9,7,NA,9,9,8,7,NA,9,1,2,3,2,1,2,1,5,1
1343,9,9,9,9,9,9,9,9,9,9,9,9,9,9,2,1,1,1,1,2,7,8,1
1344,9,7,9,NA,NA,4,7,7,8,9,9,9,8,6,1,1,3,1,3,1,NA,6,0
1345,NA,8,9,7,8,8,8,4,9,NA,9,9,8,6,NA,2,1,1,NA,1,1,2,1
1346,8,7,8,8,8,7,7,9,9,9,9,NA,9,7,2,2,3,1,5,NA,1,6,1
1347,9,NA,6,5,6,8,6,8,9,9,7,9,6,NA,1,2,2,4,1,2,3,6,0
1348,7,8,NA,NA,7,6,9,9,9,9,8,7,7,7,2,2,2,6,6,2,2,6,1
1349,NA,9,9,8,9,9,8,8,9,9,9,9,9,9,5,1,3,1,NA,2,1,7,1
1350,9,7,9,9,9,9,9,9,NA,7,6,9,9,8,1,2,3,4,1,2,6,11,1
1351,9,5,9,7,9,9,8,7,9,9,9,9,7,NA,2,2,NA,4,1,NA,NA,7,1
1352,9,NA,5,6,NA,6,8,6,9,9,9,9,9,6,2,2,1,NA,3,1,5,8,0
1353,9,8,9,9,9,9,9,9,9,9,9,9,NA,9,1,2,3,6,1,2,1,2,0
1354,9,9,8,9,9,9,9,9,7,9,9,8,9,8,1,2,2,4,1,1,3,3,1
1355,7,6,9,9,9,7,8,8,9,9,NA,9,5,9,2,2,2,6,1,2,1,8,1
1356,7,5,6,2,9,7,8,9,9,9,9,9,7,6,NA,2,2,6,3,2,4,3,1
1357,9,7,8,5,9,9,7,9,7,8,9,9,8,7,2,NA,2,4,1,1,7,1,1
1358,9,9,8,8,6,5,4,6,9,9,5,4,5,6,4,2,3,2,2,NA,4,8,1
1359,9,6,7,6,8,9,9,9,9,NA,8,9,7,9,1,2,3,9,3,1,1,2,0
1360,NA,5,9,8,5,9,7,7,NA,8,8,NA,9,7,1,1,1,2,5,1,6,4,0
1361,9,9,9,7,9,9,8,4,8,7,7,9,9,9,2,2,3,1,6,1,3,9,1
1362,9,7,9,8,8,7,9,7,9,7,9,7,NA,8,1,2,1,NA,1,1,4,NA,0
1363,9,9,9,9,NA,9,9,9,9,9,9,9,NA,9,1,2,NA,2,2,1,7,6,1
1364,9,8,9,8,9,9,9,8,9,9,9,NA,9,9,NA,2,1,1,2,2,5,8,1
1365,9,7,5,6,9,8,6,7,9,9,9,7,9,8,1,NA,3,4,1,1,3,2,1
1366,9,6,9,9,9,5,6,8,9,9,9,7,6,6,1,2,3,6,3,2,1,8,1
1367,9,9,8,7,9,7,7,6,7,9,8,7,5,7,1,2,2,4,1,1,7,12,1
1368,9,7,6,7,NA,7,7,9,5,9,6,7,9,8,2,2,1,4,1,NA,3,8,1
1369,8,8,7,3,6,8,9,8,7,8,9,9,4,8,NA,1,2,2,1,1,4,13,0
1370,8,8,NA,5,8,7,NA,7,9,9,7,9,8,7,1,2,NA,4,6,2,6,9,1
1371,9,7,7,6,7,7,NA,7,7,8,9,8,8,7,4,2,3,2,1,NA,2,3,0
1372,9,9,8,6,9,9,7,8,9,9,8,6,9,8,5,2,3,2,6,2,NA,NA,1
1373,9,5,6,6,9,9,9,4,9,6,7,9,NA,9,1,1,2,2,6,1,NA,2,0
1374,9,8,9,9,9,9,9,9,9,9,9,NA,NA,7,4,1,3,1,3,2,3,2,1
1375,9,6,7,3,7,NA,7,5,5,8,6,4,8,8,1,2,1,6,3,2,3,8,1
1376,9,9,9,9,9,7,9,9,9,NA,NA,9,9,8,1,2,1,2,5,1,3,6,1
1377,8,4,9,5,9,NA,9,9,9,8,9,9,9,7,1,NA,1,6,NA,2,5,2,1
1378,9,9,NA,8,7,7,6,9,9,9,8,9,9,8,2,2,NA,3,1,2,NA,5,0
1379,8,9,8,7,7,4,NA,9,NA,9,5,8,NA,4,1,2,1,9,1,1,1,5,1
1380,5,4,6,6,9,9,9,7,9,9,7,7,5,7,1,2,1,1,3,NA,7,5,1
1381,9,NA,8,6,9,7,7,9,NA,9,7,NA,9,9,1,2,NA,3,1,2,NA,5,1
1382,7,6,5,4,9,9,9,9,9,9,9,8,9,7,2,2,NA,1,4,1,4,9,1
1383,9,9,9,NA,8,8,7,9,8,9,9,8,9,9,1,1,1,2,2,1,8,7,1
1384,8,7,4,9,8,9,6,7,9,9,8,9,7,5,NA,1,1,4,6,1,5,5,0
1385,9,6,9,8,8,9,6,9,9,9,9,9,9,8,1,2,2,3,1,2,5,4,1
1386,7,4,5,3,9,6,9,9,5,7,5,4,6,4,2,2,1,1,2,1,NA,5,0
1387,8,5,7,6,9,6,6,6,9,9,9,9,9,7,4,1,3,1,3,1,NA,3,0
1388,9,7,3,8,6,9,9,6,9,6,8,9,6,5,1,2,1,7,3,2,3,2,0
1389,8,6,7,9,8,NA,NA,7,NA,9,9,NA,9,8,1,1,2,2,3,2,6,8,1
1390,9,9,9,4,9,9,9,6,9,8,9,NA,7,9,1,2,2,2,3,1,6,12,1
1391,7,8,9,9,9,9,9,9,9,9,9,9,9,9,5,2,NA,4,1,1,7,NA,1
1392,9,9,7,8,5,NA,9,6,9,9,9,9,9,9,NA,2,NA,4,3,2,7,2,1
1393,9,8,6,7,7,9,8,9,8,8,7,8,7,7,1,2,3,4,5,2,1,8,1
1394,6,7,3,4,9,9,7,9,8,9,7,NA,9,7,NA,1,3,9,1,1,NA,6,0
1395,9,9,9,NA,8,7,8,8,9,NA,9,9,8,9,1,1,3,2,3,1,3,3,1
1396,6,1,5,5,7,NA,6,7,9,9,9,9,8,4,1,2,2,2,1,2,6,5,0
1397,7,NA,6,6,7,7,6,8,9,7,6,6,5,8,2,2,2,2,6,2,4,6,1
1398,9,8,7,6,7,7,6,NA,9,9,8,9,8,6,2,2,1,6,4,1,1,2,1
1399,8,8,7,9,7,NA,6,7,6,4,6,5,6,9,4,2,3,2,1,NA,4,4,0
1400,9,7,8,9,7,8,9,8,9,NA,9,9,9,7,1,2,2,4,1,2,1,7,1
1401,9,9,8,NA,6,9,7,6,6,NA,NA,6,6,7,1,2,1,1,1,2,1,5,0
1402,9,9,9,9,8,NA,9,5,9,8,8,7,9,7,1,1,3,1,NA,1,4,11,1
1403,NA,9,9,8,NA,9,NA,NA,9,7,8,9,9,9,2,2,1,2,3,2,3,5,1
1404,7,5,5,9,7,6,7,9,8,8,8,9,4,7,1,2,3,6,1,2,5,3,0
1405,5,6,7,3,8,NA,7,5,9,8,8,7,5,5,1,2,1,4,2,2,5,6,0
1406,4,6,6,4,9,NA,9,9,9,9,9,9,9,9,1,2,1,3,1,NA,5,8,1
1407,9,9,9,9,9,8,8,9,9,9,9,9,9,9,1,2,1,4,1,1,NA,3,1
1408,9,8,7,9,6,9,7,9,8,8,9,9,9,8,1,2,2,4,1,2,1,6,1
1409,9,5,8,6,8,5,5,6,9,9,7,9,9,6,4,2,2,6,1,1,7,3,0
1410,8,8,9,8,9,8,8,8,6,9,9,9,9,9,2,2,3,4,3,1,NA,7,1
1411,7,NA,7,6,7,NA,7,9,6,9,5,7,9,6,1,2,2,6,NA,1,NA,5,0
1412,9,6,7,7,9,8,9,8,9,8,NA,7,9,8,NA,2,1,2,1,1,1,3,1
1413,NA,9,8,9,8,8,6,6,NA,9,7,6,7,8,1,2,3,4,2,2,5,3,1
1414,NA,6,9,7,6,8,NA,7,7,7,6,8,NA,8,1,1,3,6,3,1,5,2,1
1415,8,6,NA,8,7,NA,8,9,9,7,8,8,9,7,1,1,1,NA,1,NA,5,2,1
1416,9,7,NA,5,7,6,NA,7,9,9,7,NA,7,8,5,2,1,4,1,1,7,2,0
1417,9,9,9,9,9,9,8,9,9,9,9,9,9,9,1,2,1,1,3,2,4,3,1
1418,NA,9,7,8,8,8,9,9,8,9,9,9,9,7,1,2,1,NA,3,2,6,5,1
1419,NA,9,9,9,9,8,NA,8,9,NA,NA,9,9,NA,2,1,3,2,NA,1,6,3,1
1420,7,5,6,5,5,NA,7,7,5,6,5,6,7,6,1,2,2,2,6,1,6,4,0
1421,NA,7,NA,5,9,8,8,8,7,NA,4,8,5,7,1,2,1,3,1,2,NA,2,0
1422,9,7,8,6,8,9,8,9,9,9,NA,9,8,9,1,2,2,4,3,2,NA,3,1
1423,9,8,5,7,9,9,9,NA,NA,9,9,9,9,7,NA,2,3,4,3,2,1,2,0
1424,9,6,NA,NA,NA,NA,9,9,9,5,7,8,7,8,1,1,2,2,5,2,4,3,1
1425,6,NA,5,5,8,9,8,9,9,8,7,9,6,8,1,2,2,4,2,2,2,12,1
1426,7,6,4,6,9,7,8,7,9,9,9,7,9,7,4,2,3,2,2,2,3,2,1
1427,6,7,6,4,5,6,4,3,7,9,9,9,4,5,2,2,2,4,1,2,2,3,0
1428,9,6,7,4,9,8,7,9,9,7,9,9,9,7,1,1,3,2,1,NA,6,4,1
1429,8,4,5,8,8,8,7,8,7,8,6,8,8,8,2,2,1,1,5,2,6,12,1
1430,9,7,NA,5,5,7,5,5,7,9,7,8,8,7,1,2,1,1,3,2,NA,5,0
1431,9,7,NA,7,9,NA,7,6,8,9,9,9,9,7,4,2,1,3,3,1,3,NA,1
1432,NA,5,NA,7,8,7,6,9,6,8,7,5,NA,8,5,2,3,1,3,NA,4,6,0
1433,9,7,7,5,9,6,5,5,NA,5,5,6,9,7,1,2,3,NA,3,1,5,3,0
1434,9,8,9,NA,8,8,7,8,9,9,8,9,8,6,4,2,3,10,1,NA,7,6,1
1435,9,NA,8,6,6,7,6,5,9,NA,9,8,7,7,1,NA,3,1,3,1,7,5,0
1436,8,9,7,7,9,9,9,9,9,NA,9,NA,9,7,1,2,NA,6,3,2,4,12,1
1437,9,9,7,6,7,6,4,9,9,8,6,8,8,6,1,2,3,2,1,2,6,4,0
1438,8,8,7,9,9,8,7,9,NA,9,8,9,8,8,1,1,3,1,5,2,4,13,1
1439,NA,7,4,7,NA,8,9,NA,9,9,7,7,9,NA,4,2,2,4,5,1,5,11,1
1440,NA,4,9,5,9,8,8,9,9,8,9,NA,9,9,2,2,3,9,4,1,7,3,1
1441,9,7,9,9,8,6,7,7,9,8,9,9,9,NA,2,2,2,2,3,1,3,7,1
1442,NA,9,9,7,7,5,5,6,6,5,7,7,9,8,2,NA,NA,1,1,2,7,8,1
1443,9,8,9,7,8,5,9,NA,8,9,8,6,9,7,1,2,1,3,3,1,8,2,1
1444,9,9,7,6,7,NA,6,6,9,9,9,9,9,NA,NA,2,2,2,3,2,NA,4,1
1445,7,NA,4,7,9,8,8,8,9,8,NA,8,9,8,NA,NA,1,6,1,1,8,12,1
1446,9,9,9,6,5,5,6,3,7,9,6,5,6,6,1,2,3,5,6,2,7,4,0
1447,9,8,9,9,9,NA,8,9,9,9,9,9,9,7,1,1,2,6,1,1,6,5,1
1448,9,6,9,6,9,4,6,9,9,6,6,9,NA,7,NA,2,NA,1,5,2,6,12,1
1449,9,8,6,6,9,8,6,8,9,9,9,9,8,6,NA,2,2,NA,3,2,5,6,1
1450,9,8,5,7,9,9,NA,9,9,9,NA,9,9,9,1,2,1,2,1,2,6,6,1
1451,9,9,9,9,9,NA,9,9,9,9,9,8,9,9,2,2,2,4,3,1,6,3,1
1452,7,6,NA,8,9,8,5,NA,9,9,8,5,8,9,1,2,1,6,1,2,6,11,0
1453,9,8,9,5,7,6,4,6,NA,5,6,5,8,7,4,2,2,4,2,2,2,3,0
1454,9,8,9,6,7,7,6,9,9,9,9,9,9,7,1,NA,2,6,1,1,4,6,1
1455,9,7,7,8,9,9,9,9,9,NA,9,9,9,6,2,2,1,2,1,2,6,6,1
1456,9,9,6,9,9,9,9,9,9,9,9,8,NA,9,1,1,1,2,3,1,5,4,1
1457,9,6,8,9,8,8,6,8,9,9,8,NA,7,4,1,NA,2,3,5,2,2,6,1
1458,NA,8,8,8,7,8,7,7,9,9,7,8,8,7,1,1,NA,1,1,2,4,6,0
1459,7,6,4,7,4,NA,5,5,NA,9,6,7,7,NA,4,2,3,3,1,1,1,2,0
1460,9,9,5,9,9,7,7,8,9,9,9,9,8,9,2,2,2,1,2,1,4,3,1
1461,9,7,8,6,9,6,8,8,6,NA,8,9,9,9,2,2,3,1,1,2,6,6,1
1462,9,9,9,9,9,7,NA,6,9,9,9,9,9,7,2,2,3,2,3,1,6,4,1
1463,9,6,3,4,8,9,9,4,8,7,7,NA,8,2,2,2,3,NA,3,2,5,3,0
1464,9,NA,9,5,9,7,9,9,9,9,9,NA,9,7,1,2,2,3,1,2,5,4,1
1465,8,7,6,8,9,9,9,9,8,9,9,9,9,7,2,2,2,1,1,2,NA,5,1
1466,9,8,9,8,9,8,7,9,9,9,9,8,9,8,1,1,3,1,4,2,1,4,1
1467,9,6,6,5,6,8,7,7,NA,9,9,7,9,6,1,NA,3,1,1,2,6,5,0
1468,9,8,6,7,9,NA,9,9,NA,8,9,6,8,9,2,2,2,1,4,1,7,3,0
1469,9,9,9,7,7,8,7,7,7,6,7,9,6,3,5,2,3,6,3,2,5,6,0
1470,9,7,7,7,9,9,9,9,9,9,9,9,9,9,NA,2,3,1,1,1,4,NA,1
1471,6,5,7,3,8,7,6,9,8,6,7,5,7,8,1,2,2,4,3,2,1,2,0
1472,7,9,8,NA,9,5,9,9,9,9,9,9,8,8,1,2,1,5,NA,2,3,NA,1
1473,9,9,7,6,7,9,9,6,9,9,NA,NA,9,8,1,NA,3,1,5,1,1,6,1
1474,6,7,3,7,9,6,6,9,NA,8,9,9,8,7,1,2,3,3,1,2,5,6,1
1475,8,8,9,9,9,8,7,9,9,9,9,9,NA,9,1,1,2,3,1,1,6,5,1
1476,8,6,6,7,8,5,5,8,9,9,8,9,NA,8,1,2,1,2,1,2,4,4,0
1477,9,6,7,7,6,8,7,NA,9,9,9,9,9,6,1,1,1,2,1,2,3,7,1
1478,NA,7,5,9,9,9,9,9,8,9,9,9,9,6,5,2,3,2,1,1,5,1,1
1479,9,8,9,9,9,9,9,9,9,9,9,9,9,9,1,NA,3,NA,3,2,4,NA,0
1480,8,8,8,9,6,7,9,6,9,9,8,8,7,8,1,2,2,NA,2,1,7,NA,1
1481,9,6,5,7,6,4,NA,NA,5,5,NA,9,7,6,1,2,3,4,3,1,3,2,0
1482,6,5,3,8,9,9,9,8,9,9,9,9,8,8,1,2,1,1,1,1,NA,9,0
1483,8,6,6,6,9,5,7,9,NA,8,NA,9,7,7,1,2,3,6,1,1,4,4,1
1484,8,7,8,6,8,8,7,8,9,9,9,9,9,8,1,2,2,3,NA,1,4,8,1
1485,9,9,8,7,9,NA,7,5,NA,9,9,9,7,9,2,NA,1,1,3,1,3,6,1
1486,6,8,6,3,8,7,8,6,9,9,7,7,9,8,1,2,3,4,5,2,1,8,0
1487,9,9,9,8,NA,9,7,9,9,9,9,9,9,6,4,2,2,2,1,1,7,3,1
1488,9,8,NA,6,8,NA,NA,8,9,8,7,9,9,NA,1,2,2,2,3,2,NA,1,1
1489,9,6,8,8,9,9,7,9,9,9,9,9,8,9,1,2,2,3,2,1,5,5,1
1490,9,9,6,7,9,9,8,8,9,9,6,7,6,8,1,2,2,6,1,2,4,3,1
1491,9,6,6,7,6,9,9,8,6,8,8,8,7,6,2,NA,3,3,1,2,1,3,0
1492,9,4,7,7,6,5,6,4,7,9,6,7,5,5,NA,2,2,2,1,1,8,12,0
1493,9,6,9,7,9,8,7,9,6,NA,8,6,9,8,2,1,2,9,5,2,6,2,1
1494,9,9,9,8,5,NA,4,4,NA,6,8,5,7,7,2,1,1,1,4,2,1,3,0
1495,9,6,5,3,8,7,8,8,8,NA,8,9,9,6,1,1,3,NA,6,1,5,2,0
1496,9,7,7,9,8,7,6,6,9,9,6,6,5,6,1,2,2,NA,3,2,6,3,1
1497,8,NA,3,4,8,4,5,7,7,8,8,9,9,5,1,NA,3,2,2,1,7,5,0
1498,7,9,6,4,9,9,9,9,9,9,9,9,9,9,1,2,3,3,4,1,7,8,1
1499,8,7,7,6,9,9,7,9,9,9,9,9,NA,9,1,2,2,1,1,2,6,13,1
1500,9,9,9,NA,6,4,5,6,9,9,9,8,9,5,1,2,3,1,1,1,6,2,0
1501,9,3,4,7,9,9,6,7,9,9,9,9,9,6,1,NA,3,NA,2,1,7,9,0
1502,NA,6,7,7,8,9,8,NA,9,9,9,9,9,6,5,2,1,6,3,2,5,2,1
1503,9,8,6,5,7,5,9,6,8,9,8,9,5,5,1,2,2,5,3,1,5,12,1
1504,9,NA,8,8,9,9,9,8,9,9,NA,9,9,9,1,1,3,NA,1,2,4,4,1
1505,8,8,NA,7,9,8,6,9,7,9,9,9,7,6,1,NA,2,2,1,2,5,2,1
1506,9,8,4,8,7,6,7,9,9,7,9,8,8,9,1,2,NA,6,1,2,5,NA,1
1507,8,8,NA,4,6,7,4,6,6,7,6,4,7,8,1,NA,2,2,1,2,NA,4,0
1508,9,5,5,7,7,9,NA,9,9,9,9,8,7,6,4,2,1,3,1,1,1,6,1
1509,7,6,7,6,9,NA,7,7,8,9,9,9,3,8,2,2,3,6,1,1,1,2,0
1510,7,9,7,9,9,9,9,7,7,9,9,9,9,8,1,NA,2,4,1,2,6,3,1
1511,8,7,5,7,6,6,6,NA,9,9,8,6,NA,7,NA,1,3,2,1,2,NA,12,1
1512,9,7,9,9,6,6,5,5,9,NA,9,9,8,6,2,2,NA,1,3,1,3,6,0
1513,9,4,NA,6,7,8,5,7,9,9,9,9,5,6,NA,2,3,NA,1,2,6,13,0
1514,9,NA,7,9,3,7,6,6,8,7,4,7,7,5,1,2,2,3,3,2,3,4,0
1515,6,6,NA,6,9,4,7,6,8,9,9,8,6,NA,2,2,1,2,1,2,5,NA,0
1516,9,NA,4,5,7,9,7,NA,9,9,9,9,9,6,1,1,2,6,1,2,7,11,0
1517,7,7,7,6,9,7,9,8,9,7,7,6,6,5,1,2,2,1,3,1,1,2,0
1518,8,6,5,NA,6,NA,6,5,9,9,9,NA,9,7,NA,2,2,2,1,2,6,3,1
1519,9,9,NA,NA,7,9,9,9,9,8,9,9,8,9,4,2,2,2,1,1,2,4,1
1520,9,7,6,8,9,NA,8,NA,9,9,9,9,8,9,1,2,2,1,3,2,2,2,1
1521,9,7,7,6,8,9,4,7,NA,7,5,6,5,5,1,NA,2,4,1,2,8,4,1
1522,9,7,8,5,9,7,NA,5,9,8,7,8,6,8,2,1,2,5,1,2,6,NA,0
1523,9,7,8,9,9,8,6,8,9,9,9,9,9,9,NA,2,3,NA,NA,1,7,2,1
1524,9,7,8,9,NA,9,9,9,8,9,9,9,9,5,5,2,2,2,2,1,6,3,0
1525,9,6,6,7,9,9,7,9,9,9,7,8,8,7,1,2,2,2,3,2,1,1,1
1526,7,7,4,5,4,6,NA,6,9,7,7,5,6,3,2,1,2,6,3,2,5,NA,0
1527,NA,7,7,8,9,NA,7,7,8,9,NA,8,9,9,1,2,2,6,NA,1,4,2,0
1528,9,5,7,4,4,NA,7,5,5,8,4,7,NA,7,1,2,3,1,1,1,6,5,1
1529,9,8,9,7,9,7,7,5,9,8,9,9,8,7,1,1,2,6,1,2,6,1,1
1530,7,NA,4,4,9,9,9,9,9,NA,8,7,8,9,2,2,1,9,1,2,1,5,1
1531,7,6,4,8,7,8,5,9,8,7,8,9,5,NA,NA,NA,2,4,3,1,3,5,0
1532,9,7,5,9,8,9,7,7,7,8,9,7,8,7,4,2,1,1,1,1,NA,6,1
1533,8,7,6,8,8,9,6,9,9,9,7,9,7,7,1,2,3,3,1,1,4,7,0
1534,9,9,8,7,6,9,6,9,8,7,7,5,9,6,2,1,1,9,2,2,7,3,1
1535,7,7,9,4,9,7,8,9,9,9,7,9,8,4,2,NA,1,5,1,2,6,6,1
1536,9,6,9,8,9,9,9,9,9,9,9,9,NA,6,1,2,2,9,2,2,2,7,0
1537,9,NA,9,6,9,5,7,8,8,9,7,7,9,7,1,1,NA,1,NA,2,6,1,1
1538,9,3,3,4,7,5,4,5,7,7,5,3,7,5,4,2,1,2,1,1,7,NA,0
1539,9,6,3,2,7,NA,6,9,9,7,7,8,9,8,2,NA,2,NA,2,1,7,8,0
1540,9,9,9,9,9,9,9,9,9,7,9,9,9,9,2,2,3,1,NA,1,7,11,1
1541,6,7,5,7,7,3,6,5,9,9,8,6,9,8,1,2,3,8,1,2,6,5,0
1542,6,7,6,6,7,6,NA,9,9,8,8,8,7,8,2,2,3,6,3,2,3,NA,0
1543,9,7,5,5,9,9,9,5,9,9,NA,9,9,8,1,2,2,2,1,2,1,4,0
1544,9,7,NA,9,9,5,9,9,NA,9,9,9,9,9,2,2,2,6,3,1,3,2,1
1545,NA,7,9,7,9,9,9,8,9,9,9,9,NA,7,1,2,1,6,1,2,2,2,1
1546,9,7,5,8,9,9,6,NA,9,NA,7,9,8,8,1,1,2,2,1,NA,6,8,1
1547,9,NA,7,4,8,8,9,6,9,NA,8,9,9,5,2,1,2,3,3,2,NA,NA,1
1548,9,7,9,7,7,9,8,9,8,8,9,9,9,9,1,NA,2,1,2,1,6,2,1
1549,7,7,9,6,7,NA,4,NA,NA,NA,9,8,9,5,1,NA,1,2,1,2,NA,6,1
1550,9,9,7,9,9,9,9,9,9,9,9,9,9,9,1,2,2,1,5,2,6,5,1
1551,8,6,7,5,9,NA,8,9,7,5,NA,9,9,9,1,2,1,1,5,2,6,3,1
1552,9,8,9,9,9,9,9,9,9,9,6,9,6,9,1,NA,3,6,1,1,NA,11,1
1553,NA,NA,NA,6,9,6,4,7,9,9,9,9,9,6,1,1,3,4,NA,2,4,2,1
1554,9,7,7,9,7,6,6,8,9,8,8,8,7,6,1,2,3,6,NA,1,3,2,0
1555,9,6,8,NA,8,8,9,7,9,9,9,9,9,8,1,NA,1,8,1,1,3,9,1
1556,7,5,8,7,6,9,8,8,9,9,8,9,8,6,1,NA,1,1,3,1,5,11,1
1557,7,6,8,3,8,6,7,8,9,8,NA,9,9,5,4,2,3,4,4,2,3,NA,0
1558,9,NA,NA,9,8,9,NA,3,9,9,9,9,9,9,1,2,1,NA,2,2,7,12,1
1559,9,9,9,NA,NA,9,8,8,7,9,7,7,9,NA,1,2,2,1,1,1,6,9,1
1560,8,6,7,8,9,9,7,7,9,5,6,7,7,NA,1,1,2,NA,1,1,8,3,1
1561,7,8,6,5,9,8,9,9,9,9,8,9,9,8,1,2,1,2,NA,1,7,2,0
1562,9,9,8,9,9,8,7,9,9,9,9,9,9,NA,NA,1,1,NA,1,1,4,5,0
1563,9,9,8,6,7,6,9,9,7,9,7,9,9,9,1,2,2,1,3,2,1,8,0
1564,9,9,6,8,9,8,9,7,9,NA,9,9,9,5,1,2,3,5,NA,1,7,8,1
1565,9,8,8,9,7,7,5,8,9,9,9,9,8,8,1,2,2,NA,1,2,3,3,0
1566,9,5,9,5,7,NA,7,9,9,7,9,9,8,6,1,2,1,1,1,2,4,4,1
1567,8,7,5,6,7,7,7,9,8,7,6,9,7,5,1,2,2,4,5,1,7,6,0
1568,8,NA,9,9,NA,8,8,7,9,9,9,8,9,6,5,2,NA,2,2,1,5,3,1
1569,6,8,7,7,7,9,8,NA,9,9,9,9,9,5,1,2,3,1,1,NA,4,3,1
1570,8,4,7,4,7,7,8,9,7,9,7,4,7,NA,1,2,3,6,3,2,5,7,0
1571,9,8,8,9,6,6,4,7,8,9,7,9,7,3,1,2,1,NA,1,1,4,5,0
1572,9,9,9,9,9,8,9,9,9,9,9,9,9,9,1,2,3,4,3,2,7,1,1
1573,9,5,7,5,7,7,8,7,9,9,7,4,7,8,1,2,1,2,1,1,2,6,0
1574,9,9,9,9,7,8,9,9,9,9,9,8,9,8,1,2,2,6,1,2,1,7,1
1575,9,9,7,4,8,6,9,8,9,9,8,9,9,9,1,2,1,NA,5,1,NA,3,1
1576,9,7,8,8,9,5,9,9,9,7,9,8,8,8,1,2,2,2,1,1,6,6,1
1577,7,4,4,4,9,9,8,7,9,9,9,8,7,5,4,2,1,4,3,1,3,7,0
1578,7,NA,7,8,NA,8,9,8,8,8,7,9,9,6,1,NA,2,4,3,1,8,7,1
1579,7,9,9,6,9,8,9,9,9,9,9,9,9,7,1,2,2,2,1,2,7,2,1
1580,8,5,8,7,9,9,9,9,9,7,8,6,8,9,1,1,3,6,2,2,6,2,1
1581,9,7,6,8,9,7,8,9,9,9,8,8,8,8,1,NA,3,3,1,2,1,7,1
1582,9,9,8,9,9,9,9,9,6,NA,9,8,8,9,1,2,1,2,6,1,3,12,1
1583,9,9,9,7,NA,5,3,5,NA,9,NA,6,9,7,1,2,1,6,1,1,5,6,1
1584,7,6,6,9,6,7,4,8,NA,9,9,9,9,5,1,2,2,3,1,1,5,2,1
1585,8,6,6,7,9,9,7,9,9,7,5,8,9,6,1,2,3,3,3,1,7,9,0
1586,7,7,5,6,9,7,9,8,8,9,8,9,8,9,1,2,1,2,1,1,6,8,1
1587,8,7,7,5,6,8,6,9,9,9,9,9,7,6,2,2,2,9,3,1,6,3,0
1588,NA,5,6,7,7,NA,6,5,5,8,6,7,5,7,1,2,3,4,4,2,5,7,0
1589,7,6,6,5,9,8,NA,8,9,7,NA,8,9,8,1,NA,1,6,NA,1,3,3,0
1590,9,9,7,6,6,7,8,5,8,6,9,7,9,9,1,2,3,6,2,1,5,10,0
1591,9,6,6,5,9,7,9,9,8,9,8,9,9,NA,1,2,1,2,1,1,2,8,1
1592,9,8,NA,5,9,9,9,9,7,9,NA,9,9,6,2,2,NA,2,1,1,4,3,0
1593,6,7,8,6,9,8,7,9,9,9,8,9,NA,7,2,1,1,6,2,1,7,5,1
1594,8,7,9,7,9,7,8,9,9,9,9,9,9,8,1,2,1,1,5,1,3,2,1
1595,8,7,6,7,6,5,7,5,9,8,NA,NA,8,7,5,2,2,5,3,2,5,6,1
1596,9,8,8,7,9,5,5,9,8,9,8,8,8,1,1,1,3,4,1,2,NA,4,0
1597,6,8,8,7,8,8,6,9,9,7,9,9,8,8,NA,2,1,1,1,2,3,5,0
1598,9,8,8,6,9,9,6,9,9,9,9,9,9,7,1,2,2,3,1,2,1,5,1
1599,9,6,4,6,6,8,4,7,9,9,9,9,7,7,1,1,1,9,6,1,4,4,1
1600,7,7,6,7,NA,8,6,8,9,7,8,8,7,7,1,2,3,9,3,2,NA,NA,1
1601,7,5,NA,8,8,6,6,9,7,9,NA,NA,8,9,1,1,3,2,1,1,NA,6,1
1602,9,9,NA,9,NA,9,9,9,9,9,9,9,8,9,1,2,2,NA,3,1,NA,8,1
1603,9,8,7,6,8,8,8,8,9,9,9,9,8,6,4,2,2,4,1,2,7,NA,0
1604,9,7,8,6,7,9,NA,8,NA,9,9,8,7,9,2,NA,2,1,5,2,7,9,0
1605,9,7,3,6,9,8,9,9,9,7,9,9,8,9,1,2,3,9,5,1,2,8,1
1606,6,5,8,6,6,7,5,9,9,9,9,9,9,5,1,2,NA,1,NA,1,6,3,1
1607,9,8,6,9,NA,9,9,9,9,NA,9,9,6,9,1,2,1,2,3,2,5,2,1
1608,8,4,3,5,8,9,8,8,NA,9,8,7,9,8,2,2,1,6,1,2,6,13,1
1609,9,4,NA,7,6,8,5,9,9,9,9,9,9,4,2,NA,1,2,2,2,5,13,1
1610,NA,7,8,6,9,9,7,9,9,9,9,8,8,9,1,2,3,6,1,1,8,4,1
1611,7,9,7,6,8,6,7,8,9,7,7,4,8,7,2,2,1,5,5,1,6,4,0
1612,9,9,NA,9,9,9,8,9,9,9,9,9,NA,8,4,2,2,6,3,1,7,4,1
1613,9,6,8,9,5,6,4,NA,8,9,9,NA,6,4,1,2,3,6,3,1,4,5,1
1614,9,NA,8,NA,8,NA,8,8,9,9,9,9,9,8,2,2,1,5,6,2,8,2,1
1615,6,5,2,3,6,NA,5,8,9,9,8,7,8,6,1,2,2,4,5,2,7,6,0
1616,9,7,4,6,8,8,5,8,9,8,8,5,7,7,1,1,2,1,2,NA,4,2,0
1617,6,7,4,5,7,8,3,8,9,9,5,8,7,4,1,NA,3,4,5,1,1,4,0
1618,9,NA,7,NA,6,6,7,9,6,6,6,7,8,8,1,1,2,2,2,1,6,13,1
1619,7,6,6,4,7,9,8,8,8,6,9,9,NA,3,1,2,1,9,4,1,5,NA,0
1620,8,NA,4,6,9,9,9,9,9,9,7,9,9,5,1,2,3,3,1,1,6,4,0
1621,9,7,9,9,9,9,7,9,9,9,9,9,9,8,1,2,NA,4,1,2,6,3,1
1622,8,9,6,9,9,8,9,9,9,9,6,9,8,9,1,2,2,2,2,1,2,6,1
1623,6,5,2,6,9,NA,9,8,9,7,6,9,6,9,4,2,3,1,3,1,6,2,1
1624,9,9,6,9,9,9,9,9,NA,9,9,9,9,9,1,1,2,6,3,1,5,11,1
1625,6,4,6,5,6,NA,7,3,9,9,6,7,NA,2,1,2,1,4,3,1,1,10,0
1626,9,9,7,6,9,9,NA,9,9,9,9,9,9,8,NA,2,3,6,3,2,6,4,1
1627,8,6,4,6,NA,8,3,6,NA,7,6,7,7,4,1,2,1,2,1,2,1,9,0
1628,8,6,6,8,9,8,7,NA,8,9,9,9,9,9,NA,2,3,1,1,2,6,8,0
1629,9,7,6,5,9,8,6,5,6,8,8,7,7,8,2,2,3,3,1,1,6,1,0
1630,9,5,6,7,9,9,NA,9,7,7,8,7,5,9,NA,1,3,4,1,1,8,3,1
1631,8,9,6,7,9,8,9,9,9,9,9,9,9,9,2,1,1,6,1,1,6,1,1
1632,9,NA,8,6,5,5,6,8,6,8,8,9,7,9,4,2,2,4,1,2,4,NA,0
1633,9,7,9,8,6,8,6,9,9,9,9,8,7,7,4,2,2,NA,5,1,1,4,0
1634,9,9,9,9,9,NA,NA,9,9,9,9,9,9,9,1,1,1,2,5,2,5,5,1
1635,9,9,8,8,9,9,6,8,9,9,9,8,9,8,2,1,1,2,1,NA,3,8,1
1636,NA,8,NA,5,8,5,NA,7,8,5,9,8,7,8,1,2,1,3,1,1,5,6,1
1637,9,5,6,8,8,7,7,8,9,9,9,7,7,9,1,2,NA,6,1,1,2,10,0
1638,7,5,7,6,8,9,7,7,6,8,6,6,7,8,2,1,3,2,1,2,6,10,0
1639,9,5,8,5,5,5,7,8,NA,9,9,9,9,8,4,2,2,6,2,1,4,7,0
1640,9,9,9,9,9,6,NA,8,9,9,9,9,7,9,1,2,2,4,3,1,6,4,1
1641,9,9,9,9,9,8,8,8,9,9,9,7,9,8,1,2,1,7,4,2,8,NA,1
1642,NA,9,9,9,9,NA,9,9,NA,9,NA,NA,9,7,1,2,3,1,1,1,1,4,1
1643,9,9,9,7,9,9,9,9,9,9,9,9,9,9,1,2,3,4,1,1,8,10,1
1644,NA,7,9,NA,8,8,9,9,9,9,9,9,9,9,2,2,3,1,3,1,1,5,1
1645,7,9,9,7,8,9,8,8,9,7,8,NA,8,9,1,2,3,1,NA,1,3,5,1
1646,9,9,6,7,6,7,8,7,8,9,8,NA,9,9,1,2,1,4,1,2,1,5,0
1647,8,4,6,3,8,5,8,7,4,NA,5,7,4,7,1,2,1,3,6,1,8,3,0
1648,9,NA,8,NA,6,9,NA,9,9,8,9,8,7,NA,1,2,1,2,3,1,1,11,0
1649,7,8,6,4,7,7,5,9,8,4,4,5,9,5,4,NA,3,1,4,1,4,4,1
1650,8,4,4,7,9,9,9,8,9,9,9,9,9,7,NA,NA,1,4,3,2,8,5,1
1651,9,6,NA,9,7,9,9,9,9,6,NA,9,7,NA,1,2,1,3,1,2,6,3,0
1652,9,9,9,6,NA,6,6,9,9,9,7,7,8,9,1,2,1,6,3,2,1,11,1
1653,9,6,9,9,9,8,9,8,9,9,9,9,8,8,4,NA,2,4,3,2,6,6,1
1654,NA,6,5,3,5,5,5,4,9,7,6,5,5,6,1,2,3,1,3,2,2,6,0
1655,9,6,7,7,7,4,8,6,8,5,9,8,9,7,1,2,1,9,1,1,4,4,1
1656,8,8,9,4,8,7,9,8,NA,6,NA,5,NA,8,1,1,NA,4,3,NA,5,4,1
1657,8,NA,8,9,9,7,6,8,7,8,NA,5,7,8,NA,2,NA,2,1,1,8,3,1
1658,8,5,6,2,4,7,6,4,7,5,2,7,5,4,1,2,3,4,3,1,4,3,0
1659,9,9,9,5,7,7,8,6,9,9,9,7,8,9,1,2,2,3,NA,1,1,8,1
1660,8,7,5,7,9,NA,NA,9,8,8,9,8,8,5,1,2,2,5,1,2,3,2,0
1661,9,7,9,8,9,9,9,9,9,7,9,9,7,9,1,2,3,6,3,2,4,7,1
1662,7,6,9,6,9,6,6,8,9,9,8,5,8,8,1,2,3,2,2,1,4,9,0
1663,9,9,9,9,NA,7,9,9,9,9,9,NA,9,9,1,2,3,6,1,1,1,3,1
1664,6,9,5,5,8,7,8,7,9,NA,7,9,5,5,1,2,1,2,1,1,5,6,0
1665,7,9,9,8,9,9,9,9,9,9,9,NA,8,9,2,1,3,2,3,1,4,NA,1
1666,7,7,8,6,7,NA,5,6,8,8,9,9,9,5,1,2,2,3,3,1,6,7,0
1667,9,7,7,8,9,9,9,8,9,9,9,9,9,6,2,2,2,1,6,1,4,4,0
1668,6,7,7,7,9,9,8,9,8,9,9,8,9,NA,1,1,2,4,3,1,3,NA,1
1669,9,9,7,6,7,9,7,9,9,7,9,8,9,8,2,1,3,6,1,1,6,6,1
1670,8,9,7,8,7,7,3,7,9,9,9,6,9,7,1,1,2,4,1,2,3,12,0
1671,6,7,3,5,9,9,7,9,7,9,8,8,5,7,4,1,2,NA,NA,NA,6,5,0
1672,9,9,9,9,8,8,8,9,9,7,9,9,9,9,2,2,1,6,1,1,5,3,0
1673,8,8,6,NA,9,9,8,9,6,5,9,6,8,6,1,1,1,6,3,1,1,4,1
1674,9,9,9,9,7,8,6,8,6,9,9,5,8,7,1,2,2,1,5,2,5,4,1
1675,9,9,NA,9,9,9,9,9,8,9,9,NA,9,9,1,1,NA,3,3,1,5,NA,1
1676,9,6,9,8,8,9,7,9,9,9,9,9,NA,9,1,1,2,1,1,NA,2,3,1
1677,8,NA,9,NA,NA,6,8,6,9,8,8,7,7,9,4,2,2,4,NA,2,NA,8,1
1678,7,5,6,8,5,2,6,6,9,9,7,9,6,7,2,2,3,3,1,2,6,7,0
1679,9,7,5,5,7,9,NA,NA,7,9,8,8,8,4,1,2,2,2,1,NA,6,4,0
1680,9,6,6,7,9,7,7,7,9,9,9,9,9,5,NA,2,1,5,2,1,4,4,0
1681,9,9,6,6,9,8,7,9,9,NA,7,7,NA,6,1,2,2,7,3,2,1,10,1
1682,9,9,7,9,8,9,NA,8,9,8,7,9,9,9,1,2,3,2,1,1,6,11,1
1683,8,5,9,5,9,9,9,9,9,NA,9,9,7,8,2,2,2,1,1,2,NA,3,1
1684,9,8,8,6,5,9,NA,9,NA,7,8,NA,9,8,4,2,1,6,1,1,8,4,0
1685,9,8,9,6,9,9,5,9,7,9,9,9,8,7,1,2,3,NA,1,1,3,2,0
1686,9,9,7,5,NA,7,5,9,8,9,9,NA,9,9,1,1,3,6,1,1,7,10,1
1687,9,NA,7,8,9,9,9,9,9,9,9,9,9,9,4,2,2,1,3,1,2,3,1
1688,9,9,NA,6,9,8,7,9,9,9,9,9,9,4,2,1,3,1,1,NA,1,2,1
1689,9,6,3,6,9,8,9,9,7,8,9,9,9,NA,1,2,2,1,1,1,4,2,0
1690,8,9,8,8,9,9,9,9,7,9,9,9,7,9,4,2,3,2,3,1,1,3,1
1691,9,6,7,9,9,NA,9,NA,NA,7,8,7,9,9,4,NA,1,3,1,NA,4,4,1
1692,8,9,5,8,9,9,9,9,9,NA,9,NA,9,7,1,2,3,2,2,2,6,6,1
1693,8,7,NA,3,9,9,9,8,9,8,8,9,7,9,1,2,1,4,2,2,4,5,0
1694,6,NA,NA,5,9,8,7,8,4,NA,6,7,7,5,NA,2,3,4,6,1,8,NA,0
1695,8,NA,NA,5,8,8,NA,8,9,9,9,9,9,4,5,2,3,4,5,1,7,6,1
1696,9,7,5,6,9,7,6,9,9,9,6,8,9,5,1,2,1,6,2,2,8,5,1
1697,8,6,7,3,7,5,8,NA,9,9,9,9,4,6,1,2,3,4,3,2,1,4,0
1698,8,9,NA,4,9,9,7,6,9,5,9,7,7,6,4,2,NA,2,3,NA,6,4,0
1699,8,7,5,7,9,9,9,9,9,6,7,7,8,9,1,1,2,6,1,2,5,6,1
1700,9,9,9,9,8,8,7,NA,9,NA,9,9,9,9,4,2,1,6,1,2,7,3,1
1701,9,7,NA,8,8,7,6,8,9,6,9,6,8,6,2,2,3,9,2,1,3,1,1
1702,8,4,5,4,7,5,6,4,7,7,7,5,6,6,NA,2,1,6,2,2,3,9,1
1703,9,9,6,8,9,9,8,9,9,9,9,6,9,9,4,2,2,1,2,1,1,13,1
1704,9,9,9,9,7,9,6,8,NA,9,9,9,9,NA,1,2,3,1,3,NA,7,2,1
1705,4,4,9,9,9,9,9,NA,7,9,9,9,9,7,1,2,NA,1,1,2,5,10,0
1706,9,9,9,7,9,8,8,9,NA,9,9,9,9,9,NA,2,2,3,5,2,NA,2,1
1707,NA,8,NA,3,8,8,7,8,9,9,9,9,6,9,2,2,3,2,1,1,5,4,1
1708,9,9,7,5,9,9,NA,7,9,9,9,9,9,7,1,1,1,2,3,2,5,3,1
1709,7,7,8,8,NA,9,5,8,9,8,9,9,9,7,1,2,3,1,1,1,5,5,1
1710,8,6,9,6,8,9,5,9,9,NA,9,9,9,7,2,2,2,2,1,2,5,2,1
1711,9,9,9,9,NA,9,8,9,9,9,9,9,9,9,1,2,2,4,5,2,1,5,1
1712,9,4,7,7,9,8,9,6,9,9,9,9,6,7,1,2,2,1,1,1,6,9,1
1713,7,9,8,9,NA,9,9,9,7,7,7,6,9,9,1,2,1,2,1,2,2,12,1
1714,9,6,8,5,7,5,5,NA,8,7,7,5,9,4,NA,2,3,9,3,1,7,1,0
1715,9,8,5,7,8,9,8,9,9,9,9,9,9,7,2,2,2,9,3,1,1,4,0
1716,9,8,8,8,7,9,9,9,9,9,9,9,9,7,1,2,2,2,2,2,6,11,1
1717,8,7,5,8,9,9,6,9,NA,8,8,9,8,6,5,NA,3,3,3,2,8,2,0
1718,9,7,8,4,8,9,8,4,9,9,9,9,9,6,1,2,1,2,3,2,5,2,1
1719,9,8,9,9,9,9,9,9,9,NA,9,9,8,9,NA,1,1,1,3,NA,5,4,1
1720,6,5,NA,5,9,9,6,8,9,8,7,9,7,3,1,1,2,3,3,2,NA,2,0
1721,7,6,NA,6,7,4,4,NA,9,NA,9,9,8,4,2,2,3,3,2,2,NA,7,0
1722,9,7,8,9,9,7,6,6,9,8,6,6,NA,8,1,2,2,1,2,2,NA,7,1
1723,7,9,NA,8,NA,NA,9,9,9,NA,9,9,9,NA,2,2,2,3,3,2,5,9,1
1724,NA,9,6,9,9,9,9,9,9,9,9,9,9,9,1,2,2,2,3,1,6,6,1
1725,7,7,8,3,NA,6,8,9,9,6,9,NA,5,9,NA,2,2,3,3,NA,4,NA,1
1726,9,9,7,7,9,7,7,7,9,9,9,9,9,5,1,1,1,1,1,2,7,13,0
1727,9,9,8,9,9,9,9,9,9,9,9,9,NA,8,1,2,3,6,3,1,7,7,1
1728,9,7,4,9,7,9,5,8,9,NA,9,8,8,6,5,2,1,4,5,1,5,3,1
1729,9,9,9,NA,9,9,9,9,8,9,NA,NA,9,9,4,2,NA,6,NA,2,4,NA,1
1730,9,6,NA,6,9,9,8,9,NA,9,8,8,9,9,1,2,1,2,2,2,NA,6,1
1731,9,6,5,NA,7,6,8,9,9,7,8,9,9,9,1,2,1,1,6,2,1,3,0
1732,6,4,3,NA,7,NA,5,4,9,9,8,9,6,4,1,1,3,NA,1,1,7,5,0
1733,9,9,5,7,9,NA,6,9,9,9,7,8,9,8,1,1,1,4,1,2,4,5,0
1734,9,7,9,9,9,NA,8,9,NA,9,9,9,9,9,1,2,3,2,1,2,7,3,1
1735,9,6,6,NA,9,7,NA,5,9,9,9,9,9,5,1,2,1,3,1,1,NA,NA,1
1736,8,8,6,6,7,9,8,9,7,9,8,9,7,8,1,2,3,5,2,1,3,NA,0
1737,9,8,6,5,9,5,9,NA,9,9,9,9,NA,4,1,1,3,2,3,2,3,2,0
1738,9,9,6,7,7,8,4,6,8,8,6,8,4,8,5,2,3,2,3,1,5,2,0
1739,9,9,7,7,5,9,5,6,9,6,5,3,5,8,1,2,1,2,1,1,NA,5,0
1740,9,6,8,8,7,8,NA,9,8,7,NA,7,8,9,2,2,3,3,1,2,1,5,0
1741,9,9,9,8,9,9,9,9,9,9,9,9,9,9,1,2,3,2,3,2,4,10,1
1742,9,7,8,8,9,9,9,9,9,9,9,9,9,9,NA,2,2,3,3,1,1,4,1
1743,9,8,9,9,8,7,6,7,9,9,NA,9,9,9,1,NA,1,6,1,1,1,NA,1
1744,9,7,7,6,8,8,7,7,8,3,7,7,9,7,1,NA,1,4,3,1,NA,5,1
1745,9,9,9,7,9,8,5,NA,9,8,8,8,NA,9,1,2,2,4,2,1,6,2,0
1746,9,8,NA,5,9,8,7,8,9,7,NA,9,9,8,2,1,NA,2,2,2,NA,3,1
1747,7,7,2,7,9,9,9,9,9,9,9,9,9,9,1,NA,3,9,3,NA,4,4,1
1748,5,NA,4,3,8,8,9,6,9,9,9,8,9,4,1,2,1,6,2,1,3,NA,0
1749,8,5,4,3,7,7,5,9,9,8,9,7,7,8,5,2,3,2,3,2,6,3,0
1750,8,4,7,5,9,8,8,8,9,9,7,6,9,5,1,2,1,2,1,2,6,5,0
1751,9,7,9,9,8,4,5,8,9,8,9,9,7,6,2,2,2,1,1,1,5,12,1
1752,9,7,7,7,9,9,8,9,NA,7,8,6,9,8,1,2,1,NA,6,2,6,2,1
1753,8,7,5,8,8,6,5,9,9,9,9,6,9,NA,4,2,1,1,6,1,5,2,0
1754,9,5,2,7,6,5,7,9,9,8,9,9,6,4,4,2,3,8,1,2,6,4,0
1755,7,7,6,8,9,7,8,7,9,8,9,8,9,6,1,2,3,6,1,2,7,4,0
1756,7,5,4,1,8,NA,NA,NA,NA,8,9,9,9,6,1,2,2,7,1,1,6,3,1
1757,9,9,8,9,9,8,8,6,9,9,9,9,8,9,1,1,2,4,1,1,3,5,1
1758,9,7,4,4,6,9,9,8,9,9,8,9,6,NA,1,NA,2,4,1,2,6,2,1
1759,9,9,9,5,9,9,9,9,9,9,9,9,7,7,2,1,1,1,1,2,6,6,1
1760,NA,9,9,9,9,9,NA,9,9,9,9,NA,9,8,1,2,3,2,1,1,NA,11,1
1761,9,8,9,8,9,6,7,8,6,7,6,5,7,9,4,2,3,9,3,1,2,11,1
1762,9,8,9,8,9,9,9,NA,6,8,9,6,8,7,4,2,1,2,1,2,5,2,1
1763,9,9,7,6,7,9,8,NA,9,9,NA,9,8,6,1,2,1,5,1,NA,3,3,1
1764,9,9,9,6,9,7,6,9,8,9,7,7,6,8,NA,NA,1,3,2,1,1,NA,0
1765,8,6,8,9,8,9,9,7,8,2,8,4,7,8,NA,2,2,NA,1,1,4,6,0
1766,9,8,8,7,9,7,8,9,9,9,NA,9,9,8,NA,2,1,NA,1,2,8,3,1
1767,9,6,7,8,8,8,8,7,8,9,7,NA,8,9,1,2,NA,6,1,1,3,NA,1
1768,7,9,5,6,6,NA,4,NA,5,8,6,9,4,4,1,2,3,9,2,2,5,10,0
